EXPERIMENT_ID,SEQUENCE_LENGTH,SUBSTITUTION,DDG,EXP_TEMPERATURE,PH,UNIPROTKB,WWPDB,SOURCE_DATASET
10455,268,F22L,-2.2,25.0,7.8,P0A877,1WQ5,ProTherm
10456,268,F22L,0.8,25.0,7.8,P0A877,1WQ5,ProTherm
8860,268,P28G,2.3,25.0,7.0,P0A877,1WQ5,ProTherm
8861,268,P28G,-0.7,25.0,7.0,P0A877,1WQ5,ProTherm
9282,268,P28G,1.66,25.0,7.8,P0A877,1WQ5,ProTherm
9284,268,P28G,-0.12,25.0,7.8,P0A877,1WQ5,ProTherm
11352,268,P28G,1.6,25.0,7.0,P0A877,1WQ5,ProTherm
8862,268,P28A,2.4,25.0,7.0,P0A877,1WQ5,ProTherm
8863,268,P28A,0.1,25.0,7.0,P0A877,1WQ5,ProTherm
9281,268,P28A,4.12,25.0,7.8,P0A877,1WQ5,ProTherm
9283,268,P28A,0.91,25.0,7.8,P0A877,1WQ5,ProTherm
10038,268,P28A,1.91,25.0,7.0,P0A877,1WQ5,ProTherm
11353,268,P28A,2.5,25.0,7.0,P0A877,1WQ5,ProTherm
11370,268,P28A,1.96,25.0,7.0,P0A877,1WQ5,ProTherm
11371,268,P28A,-0.05,25.0,7.0,P0A877,1WQ5,ProTherm
9650,268,I37A,1.41,25.0,7.8,P0A877,1WQ5,ProTherm
9655,268,I37A,3.01,25.0,7.8,P0A877,1WQ5,ProTherm
11285,268,E49G,-0.08,25.0,7.0,P0A877,1WQ5,ProTherm
11303,268,E49G,-0.6,25.0,9.0,P0A877,1WQ5,ProTherm
8476,268,E49Q,2.5,25.8,7.0,P0A877,1WQ5,ProTherm
8533,268,E49Q,-3.6,25.0,9.0,P0A877,1WQ5,ProTherm
8538,268,E49Q,2.5,25.0,7.0,P0A877,1WQ5,ProTherm
8543,268,E49Q,2.4,25.0,5.5,P0A877,1WQ5,ProTherm
11297,268,E49Q,0.23,25.0,7.0,P0A877,1WQ5,ProTherm
11315,268,E49Q,-0.54,25.0,9.0,P0A877,1WQ5,ProTherm
8534,268,E49S,-3.1,25.0,9.0,P0A877,1WQ5,ProTherm
8539,268,E49S,1.4,25.0,7.0,P0A877,1WQ5,ProTherm
8544,268,E49S,1.3,25.0,5.5,P0A877,1WQ5,ProTherm
11302,268,E49S,0.59,25.0,7.0,P0A877,1WQ5,ProTherm
11320,268,E49S,-0.09,25.0,9.0,P0A877,1WQ5,ProTherm
8477,268,E49M,-4.6,25.8,7.0,P0A877,1WQ5,ProTherm
8535,268,E49M,-3.5,25.0,9.0,P0A877,1WQ5,ProTherm
8540,268,E49M,-4.5,25.0,7.0,P0A877,1WQ5,ProTherm
8545,268,E49M,-0.7,25.0,5.5,P0A877,1WQ5,ProTherm
10457,268,E49M,-3.7,25.0,7.8,P0A877,1WQ5,ProTherm
10458,268,E49M,-2.0,25.0,7.8,P0A877,1WQ5,ProTherm
11300,268,E49M,0.05,25.0,7.0,P0A877,1WQ5,ProTherm
11318,268,E49M,-0.52,25.0,9.0,P0A877,1WQ5,ProTherm
8536,268,E49V,-4.5,25.0,9.0,P0A877,1WQ5,ProTherm
8541,268,E49V,-3.2,25.0,7.0,P0A877,1WQ5,ProTherm
8546,268,E49V,-0.9,25.0,5.5,P0A877,1WQ5,ProTherm
11287,268,E49V,-0.14,25.0,7.0,P0A877,1WQ5,ProTherm
11305,268,E49V,-1.01,25.0,9.0,P0A877,1WQ5,ProTherm
8537,268,E49Y,-1.9,25.0,9.0,P0A877,1WQ5,ProTherm
8542,268,E49Y,0.0,25.0,7.0,P0A877,1WQ5,ProTherm
8547,268,E49Y,0.4,25.0,5.5,P0A877,1WQ5,ProTherm
11291,268,E49Y,0.17,25.0,7.0,P0A877,1WQ5,ProTherm
11309,268,E49Y,-0.26,25.0,9.0,P0A877,1WQ5,ProTherm
11286,268,E49A,0.08,25.0,7.0,P0A877,1WQ5,ProTherm
11304,268,E49A,-0.59,25.0,9.0,P0A877,1WQ5,ProTherm
11288,268,E49I,-0.46,25.0,7.0,P0A877,1WQ5,ProTherm
11306,268,E49I,-1.24,25.0,9.0,P0A877,1WQ5,ProTherm
11289,268,E49L,-0.44,25.0,7.0,P0A877,1WQ5,ProTherm
11307,268,E49L,-1.04,25.0,9.0,P0A877,1WQ5,ProTherm
11290,268,E49P,0.0,25.0,7.0,P0A877,1WQ5,ProTherm
11308,268,E49P,-0.8,25.0,9.0,P0A877,1WQ5,ProTherm
11292,268,E49F,0.86,25.0,7.0,P0A877,1WQ5,ProTherm
11310,268,E49F,0.02,25.0,9.0,P0A877,1WQ5,ProTherm
11293,268,E49W,0.97,25.0,7.0,P0A877,1WQ5,ProTherm
11311,268,E49W,1.1,25.0,9.0,P0A877,1WQ5,ProTherm
11294,268,E49H,-0.33,25.0,7.0,P0A877,1WQ5,ProTherm
11312,268,E49H,-0.67,25.0,9.0,P0A877,1WQ5,ProTherm
11295,268,E49K,-0.2,25.0,7.0,P0A877,1WQ5,ProTherm
11313,268,E49K,-0.39,25.0,9.0,P0A877,1WQ5,ProTherm
11296,268,E49N,0.69,25.0,7.0,P0A877,1WQ5,ProTherm
11314,268,E49N,-0.27,25.0,9.0,P0A877,1WQ5,ProTherm
11298,268,E49D,0.8,25.0,7.0,P0A877,1WQ5,ProTherm
11316,268,E49D,0.03,25.0,9.0,P0A877,1WQ5,ProTherm
11299,268,E49C,-0.01,25.0,7.0,P0A877,1WQ5,ProTherm
11317,268,E49C,0.13,25.0,9.0,P0A877,1WQ5,ProTherm
11301,268,E49T,0.62,25.0,7.0,P0A877,1WQ5,ProTherm
11319,268,E49T,0.26,25.0,9.0,P0A877,1WQ5,ProTherm
9651,268,L50A,0.14,25.0,7.8,P0A877,1WQ5,ProTherm
9656,268,L50A,2.85,25.0,7.8,P0A877,1WQ5,ProTherm
7309,268,P57A,0.04,54.1,9.0,P0A877,1WQ5,ProTherm
10039,268,P57A,0.48,25.0,7.0,P0A877,1WQ5,ProTherm
11372,268,P57A,0.24,25.0,7.0,P0A877,1WQ5,ProTherm
11373,268,P57A,0.24,25.0,7.0,P0A877,1WQ5,ProTherm
7310,268,P62A,0.52,54.1,9.0,P0A877,1WQ5,ProTherm
10040,268,P62A,0.31,25.0,7.0,P0A877,1WQ5,ProTherm
11374,268,P62A,0.69,25.0,7.0,P0A877,1WQ5,ProTherm
11375,268,P62A,-0.36,25.0,7.0,P0A877,1WQ5,ProTherm
7667,268,C81A,0.69,50.0,9.0,P0A877,1WQ5,ProTherm
7313,268,P96A,2.0,54.1,9.0,P0A877,1WQ5,ProTherm
10041,268,P96A,2.13,25.0,7.0,P0A877,1WQ5,ProTherm
11376,268,P96A,1.6,25.0,7.0,P0A877,1WQ5,ProTherm
11377,268,P96A,0.55,25.0,7.0,P0A877,1WQ5,ProTherm
9652,268,L99A,1.69,25.0,7.8,P0A877,1WQ5,ProTherm
9657,268,L99A,2.38,25.0,7.8,P0A877,1WQ5,ProTherm
9653,268,L127A,0.73,25.0,7.8,P0A877,1WQ5,ProTherm
9658,268,L127A,0.55,25.0,7.8,P0A877,1WQ5,ProTherm
7311,268,P132A,0.92,54.1,9.0,P0A877,1WQ5,ProTherm
10042,268,P132A,1.05,25.0,7.0,P0A877,1WQ5,ProTherm
11378,268,P132A,0.91,25.0,7.0,P0A877,1WQ5,ProTherm
11379,268,P132A,-0.14,25.0,7.0,P0A877,1WQ5,ProTherm
7312,268,P132G,0.78,54.1,9.0,P0A877,1WQ5,ProTherm
8864,268,P132G,1.0,25.0,7.0,P0A877,1WQ5,ProTherm
8865,268,P132G,-0.4,25.0,7.0,P0A877,1WQ5,ProTherm
11354,268,P132G,0.6,25.0,7.0,P0A877,1WQ5,ProTherm
12570,268,F139W,0.7,23.0,7.8,P0A877,1WQ5,ProTherm
12571,268,F139W,0.6,23.0,7.8,P0A877,1WQ5,ProTherm
7668,268,C154A,1.03,50.0,9.0,P0A877,1WQ5,ProTherm
7669,268,C154V,1.12,50.0,9.0,P0A877,1WQ5,ProTherm
10732,268,Y175C,0.1,25.0,7.8,P0A877,1WQ5,ProTherm
10733,268,Y175C,0.5,25.0,7.8,P0A877,1WQ5,ProTherm
9654,268,L176A,2.88,25.0,7.8,P0A877,1WQ5,ProTherm
9659,268,L176A,1.13,25.0,7.8,P0A877,1WQ5,ProTherm
7314,268,P207A,1.64,54.1,9.0,P0A877,1WQ5,ProTherm
8866,268,P207A,2.2,25.0,7.0,P0A877,1WQ5,ProTherm
8867,268,P207A,-0.4,25.0,7.0,P0A877,1WQ5,ProTherm
10043,268,P207A,1.17,25.0,7.0,P0A877,1WQ5,ProTherm
11355,268,P207A,1.8,25.0,7.0,P0A877,1WQ5,ProTherm
11380,268,P207A,1.79,25.0,7.0,P0A877,1WQ5,ProTherm
11381,268,P207A,-0.62,25.0,7.0,P0A877,1WQ5,ProTherm
7159,268,G211R,-0.1,57.8,7.8,P0A877,1WQ5,ProTherm
14308,268,G211R,2.8,4.0,7.8,P0A877,1WQ5,ProTherm
14309,268,G211R,-1.3,4.0,7.8,P0A877,1WQ5,ProTherm
7160,268,G211E,-0.6,57.8,7.8,P0A877,1WQ5,ProTherm
10459,268,G211E,-2.4,25.0,7.8,P0A877,1WQ5,ProTherm
10460,268,G211E,-0.4,25.0,7.8,P0A877,1WQ5,ProTherm
10715,268,G211E,-2.4,25.0,7.8,P0A877,1WQ5,ProTherm
10716,268,G211E,-0.5,25.0,7.8,P0A877,1WQ5,ProTherm
10734,268,G211E,-0.3,25.0,7.8,P0A877,1WQ5,ProTherm
10735,268,G211E,0.7,25.0,7.8,P0A877,1WQ5,ProTherm
10717,268,G211D,0.3,25.0,7.8,P0A877,1WQ5,ProTherm
10718,268,G211D,0.8,25.0,7.8,P0A877,1WQ5,ProTherm
10719,268,G211S,-0.2,25.0,7.8,P0A877,1WQ5,ProTherm
10720,268,G211S,-0.2,25.0,7.8,P0A877,1WQ5,ProTherm
10721,268,G211V,0.3,25.0,7.8,P0A877,1WQ5,ProTherm
10722,268,G211V,-1.9,25.0,7.8,P0A877,1WQ5,ProTherm
10723,268,G211W,1.6,25.0,7.8,P0A877,1WQ5,ProTherm
10724,268,G211W,1.1,25.0,7.8,P0A877,1WQ5,ProTherm
10461,268,G234D,-1.4,25.0,7.8,P0A877,1WQ5,ProTherm
10462,268,G234D,-2.0,25.0,7.8,P0A877,1WQ5,ProTherm
10463,268,G234K,-0.5,25.0,7.8,P0A877,1WQ5,ProTherm
10464,268,G234K,0.3,25.0,7.8,P0A877,1WQ5,ProTherm
12572,268,F258W,1.4,23.0,7.8,P0A877,1WQ5,ProTherm
12573,268,F258W,1.0,23.0,7.8,P0A877,1WQ5,ProTherm
7496,214,D84H,1.4,51.8,7.2,P69441,1ANK,ProTherm
7497,214,G85V,2.4,51.8,7.2,P69441,1ANK,ProTherm
7498,214,F86L,0.8,51.8,7.2,P69441,1ANK,ProTherm
7505,214,R88G,0.2,51.8,7.4,P69441,1ANK,ProTherm
6937,148,K19M,0.12,64.9,2.7,P61626,1LZ1,ProTherm
6938,148,K19A,0.6,64.9,2.7,P61626,1LZ1,ProTherm
6939,148,V20G,2.29,64.9,2.7,P61626,1LZ1,ProTherm
6940,148,V20I,-1.1,64.9,2.7,P61626,1LZ1,ProTherm
6941,148,V20L,0.05,64.9,2.7,P61626,1LZ1,ProTherm
6942,148,V20M,0.31,64.9,2.7,P61626,1LZ1,ProTherm
6943,148,V20F,0.86,64.9,2.7,P61626,1LZ1,ProTherm
6954,148,V20S,1.41,64.9,2.7,P61626,1LZ1,ProTherm
6955,148,V20Y,0.36,64.9,2.7,P61626,1LZ1,ProTherm
6956,148,V20D,1.43,64.9,2.7,P61626,1LZ1,ProTherm
6957,148,V20N,1.34,64.9,2.7,P61626,1LZ1,ProTherm
6958,148,V20R,0.38,64.9,2.7,P61626,1LZ1,ProTherm
6888,148,V20A,1.51,64.9,2.7,P61626,1LZ1,ProTherm
7743,148,V20A,1.51,49.2,2.7,P61626,1LZ1,ProTherm
6837,148,E25Q,1.43,65.0,4.0,P61626,1LZ1,ProTherm
6843,148,E25Q,1.29,65.0,4.5,P61626,1LZ1,ProTherm
6855,148,L26T,3.73,64.9,2.7,P61626,1LZ1,ProTherm
6856,148,A27S,0.02,64.9,2.7,P61626,1LZ1,ProTherm
6872,148,G34A,1.39,64.9,2.7,P61626,1LZ1,ProTherm
6838,148,D36N,1.7,65.0,4.0,P61626,1LZ1,ProTherm
6873,148,G37A,1.77,64.9,2.7,P61626,1LZ1,ProTherm
6897,148,Y38F,0.5,64.9,2.7,P61626,1LZ1,ProTherm
6863,148,R39A,-1.31,64.9,2.7,P61626,1LZ1,ProTherm
6864,148,R39G,-1.15,64.9,2.7,P61626,1LZ1,ProTherm
6874,148,G40A,1.79,64.9,2.7,P61626,1LZ1,ProTherm
6882,148,I41V,0.36,64.9,2.7,P61626,1LZ1,ProTherm
7738,148,I41V,0.41,49.2,2.7,P61626,1LZ1,ProTherm
6903,148,I41A,2.54,64.9,2.7,P61626,1LZ1,ProTherm
6857,148,A50S,0.33,64.9,2.7,P61626,1LZ1,ProTherm
6909,148,A50L,0.1,64.9,2.7,P61626,1LZ1,ProTherm
6910,148,E53L,0.53,64.9,2.7,P61626,1LZ1,ProTherm
6875,148,G55A,0.29,64.9,2.7,P61626,1LZ1,ProTherm
6911,148,G55Q,0.26,64.9,2.7,P61626,1LZ1,ProTherm
6936,148,G55Q,0.26,64.9,2.7,P61626,1LZ1,ProTherm
14096,148,G55Q,0.86,10.0,4.0,P61626,1LZ1,ProTherm
6865,148,Y56A,2.49,64.9,2.7,P61626,1LZ1,ProTherm
6866,148,Y56G,2.32,64.9,2.7,P61626,1LZ1,ProTherm
6898,148,Y56F,0.19,64.9,2.7,P61626,1LZ1,ProTherm
6899,148,Y63F,-0.07,64.9,2.7,P61626,1LZ1,ProTherm
6704,148,A65P,-0.1,68.8,2.8,P61626,1LZ1,ProTherm
9881,148,A65P,-1.1,25.0,3.0,P61626,1LZ1,ProTherm
6876,148,G66A,-0.45,64.9,2.7,P61626,1LZ1,ProTherm
6839,148,D67N,1.0,65.0,4.0,P61626,1LZ1,ProTherm
6867,148,R68A,-0.43,64.9,2.7,P61626,1LZ1,ProTherm
6912,148,R68G,-0.26,64.9,2.7,P61626,1LZ1,ProTherm
6933,148,R68G,-0.26,64.9,2.7,P61626,1LZ1,ProTherm
14093,148,R68G,-0.53,10.0,4.0,P61626,1LZ1,ProTherm
6900,148,Y72F,0.96,64.9,2.7,P61626,1LZ1,ProTherm
6883,148,I74V,1.2,64.9,2.7,P61626,1LZ1,ProTherm
6919,148,I74V,1.2,64.9,2.7,P61626,1LZ1,ProTherm
7739,148,I74V,1.34,49.2,2.7,P61626,1LZ1,ProTherm
6904,148,I74A,3.71,64.9,2.7,P61626,1LZ1,ProTherm
6918,148,I74A,3.7,64.9,2.7,P61626,1LZ1,ProTherm
6920,148,I74L,0.1,64.9,2.7,P61626,1LZ1,ProTherm
6921,148,I74M,1.77,64.9,2.7,P61626,1LZ1,ProTherm
6922,148,I74F,4.09,64.9,2.7,P61626,1LZ1,ProTherm
6887,148,I74T,3.64,64.9,2.7,P61626,1LZ1,ProTherm
6923,148,I74T,3.63,64.9,2.7,P61626,1LZ1,ProTherm
13912,148,I74T,6.67,10.0,4.0,P61626,1LZ1,ProTherm
6868,148,Q76A,-0.91,64.9,2.7,P61626,1LZ1,ProTherm
6913,148,Q76G,-1.86,64.9,2.7,P61626,1LZ1,ProTherm
6934,148,Q76G,-1.86,64.9,2.7,P61626,1LZ1,ProTherm
14094,148,Q76G,-2.06,10.0,4.0,P61626,1LZ1,ProTherm
6905,148,I77A,1.72,64.9,2.7,P61626,1LZ1,ProTherm
6925,148,I77A,1.72,64.9,2.7,P61626,1LZ1,ProTherm
7752,148,I77A,1.31,49.2,2.7,P61626,1LZ1,ProTherm
6884,148,I77V,1.1,64.9,2.7,P61626,1LZ1,ProTherm
6926,148,I77V,1.1,64.9,2.7,P61626,1LZ1,ProTherm
7740,148,I77V,0.93,49.2,2.7,P61626,1LZ1,ProTherm
6908,148,I77G,3.83,64.9,2.7,P61626,1LZ1,ProTherm
6924,148,I77G,3.82,64.9,2.7,P61626,1LZ1,ProTherm
6927,148,I77L,0.0,64.9,2.7,P61626,1LZ1,ProTherm
6928,148,I77M,1.29,64.9,2.7,P61626,1LZ1,ProTherm
6929,148,I77F,0.81,64.9,2.7,P61626,1LZ1,ProTherm
6930,148,I77S,3.59,64.9,2.7,P61626,1LZ1,ProTherm
6931,148,I77T,2.22,64.9,2.7,P61626,1LZ1,ProTherm
6932,148,I77Y,3.78,64.9,2.7,P61626,1LZ1,ProTherm
6901,148,Y81F,0.24,64.9,2.7,P61626,1LZ1,ProTherm
6840,148,D85N,2.25,65.0,4.0,P61626,1LZ1,ProTherm
6844,148,D85N,1.7,65.0,4.5,P61626,1LZ1,ProTherm
13913,148,D85H,4.54,10.0,4.0,P61626,1LZ1,ProTherm
6877,148,G86A,0.12,64.9,2.7,P61626,1LZ1,ProTherm
6701,148,P89G,1.6,68.8,2.8,P61626,1LZ1,ProTherm
9879,148,P89G,1.2,25.0,3.0,P61626,1LZ1,ProTherm
6878,148,G90A,0.36,64.9,2.7,P61626,1LZ1,ProTherm
6944,148,V92G,0.22,64.9,2.7,P61626,1LZ1,ProTherm
6945,148,V92I,-0.45,64.9,2.7,P61626,1LZ1,ProTherm
6946,148,V92L,-0.19,64.9,2.7,P61626,1LZ1,ProTherm
6947,148,V92M,-0.65,64.9,2.7,P61626,1LZ1,ProTherm
6948,148,V92F,0.29,64.9,2.7,P61626,1LZ1,ProTherm
6914,148,V92S,0.38,64.9,2.7,P61626,1LZ1,ProTherm
6959,148,V92S,0.38,64.9,2.7,P61626,1LZ1,ProTherm
6960,148,V92Y,0.24,64.9,2.7,P61626,1LZ1,ProTherm
6961,148,V92D,0.43,64.9,2.7,P61626,1LZ1,ProTherm
6962,148,V92N,0.33,64.9,2.7,P61626,1LZ1,ProTherm
6963,148,V92R,0.07,64.9,2.7,P61626,1LZ1,ProTherm
6889,148,V92A,0.36,64.9,2.7,P61626,1LZ1,ProTherm
7744,148,V92A,0.43,49.2,2.7,P61626,1LZ1,ProTherm
7164,148,C95A,4.6,57.0,3.0,P61626,1LZ1,ProTherm
6869,148,H96A,0.14,64.9,2.7,P61626,1LZ1,ProTherm
6915,148,H96G,0.12,64.9,2.7,P61626,1LZ1,ProTherm
6935,148,H96G,0.12,64.9,2.7,P61626,1LZ1,ProTherm
14095,148,H96G,0.53,10.0,4.0,P61626,1LZ1,ProTherm
6885,148,I107V,0.48,64.9,2.7,P61626,1LZ1,ProTherm
7741,148,I107V,0.35,49.2,2.7,P61626,1LZ1,ProTherm
6906,148,I107A,2.7,64.9,2.7,P61626,1LZ1,ProTherm
6703,148,D109P,0.4,68.8,2.8,P61626,1LZ1,ProTherm
9882,148,D109P,0.8,25.0,3.0,P61626,1LZ1,ProTherm
6858,148,A110S,-0.81,64.9,2.7,P61626,1LZ1,ProTherm
6859,148,V111T,0.67,64.9,2.7,P61626,1LZ1,ProTherm
6890,148,V111A,0.74,64.9,2.7,P61626,1LZ1,ProTherm
7745,148,V111A,1.0,49.2,2.7,P61626,1LZ1,ProTherm
6860,148,A114S,1.0,64.9,2.7,P61626,1LZ1,ProTherm
6916,148,A114M,-0.02,64.9,2.7,P61626,1LZ1,ProTherm
6861,148,V117T,0.5,64.9,2.7,P61626,1LZ1,ProTherm
6891,148,V117A,0.98,64.9,2.7,P61626,1LZ1,ProTherm
7746,148,V117A,0.89,49.2,2.7,P61626,1LZ1,ProTherm
6862,148,V118T,0.29,64.9,2.7,P61626,1LZ1,ProTherm
6892,148,V118A,0.26,64.9,2.7,P61626,1LZ1,ProTherm
7747,148,V118A,0.57,49.2,2.7,P61626,1LZ1,ProTherm
6917,148,V118F,1.65,64.9,2.7,P61626,1LZ1,ProTherm
6841,148,D120N,0.67,65.0,4.0,P61626,1LZ1,ProTherm
6845,148,D120N,-0.07,65.0,4.5,P61626,1LZ1,ProTherm
6702,148,P121G,0.1,68.8,2.8,P61626,1LZ1,ProTherm
9880,148,P121G,0.0,25.0,3.0,P61626,1LZ1,ProTherm
6879,148,G123A,0.62,64.9,2.7,P61626,1LZ1,ProTherm
6886,148,I124V,0.72,64.9,2.7,P61626,1LZ1,ProTherm
7742,148,I124V,0.98,49.2,2.7,P61626,1LZ1,ProTherm
6907,148,I124A,0.93,64.9,2.7,P61626,1LZ1,ProTherm
6705,148,V128P,-0.5,68.8,2.8,P61626,1LZ1,ProTherm
9883,148,V128P,-2.4,25.0,3.0,P61626,1LZ1,ProTherm
6949,148,V128G,-0.48,64.9,2.7,P61626,1LZ1,ProTherm
6950,148,V128I,-0.86,64.9,2.7,P61626,1LZ1,ProTherm
6951,148,V128L,-0.07,64.9,2.7,P61626,1LZ1,ProTherm
6952,148,V128M,-0.53,64.9,2.7,P61626,1LZ1,ProTherm
6953,148,V128F,0.05,64.9,2.7,P61626,1LZ1,ProTherm
6964,148,V128Y,0.14,64.9,2.7,P61626,1LZ1,ProTherm
6965,148,V128D,-0.17,64.9,2.7,P61626,1LZ1,ProTherm
6966,148,V128N,-0.07,64.9,2.7,P61626,1LZ1,ProTherm
6967,148,V128R,-0.88,64.9,2.7,P61626,1LZ1,ProTherm
6893,148,V128A,-0.53,64.9,2.7,P61626,1LZ1,ProTherm
7748,148,V128A,-0.07,49.2,2.7,P61626,1LZ1,ProTherm
6870,148,N136A,-0.19,64.9,2.7,P61626,1LZ1,ProTherm
6871,148,N136G,-0.05,64.9,2.7,P61626,1LZ1,ProTherm
6842,148,D138N,0.67,65.0,4.0,P61626,1LZ1,ProTherm
6846,148,D138N,-0.05,65.0,4.5,P61626,1LZ1,ProTherm
6894,148,V139A,1.44,64.9,2.7,P61626,1LZ1,ProTherm
7749,148,V139A,1.75,49.2,2.7,P61626,1LZ1,ProTherm
6902,148,Y142F,0.36,64.9,2.7,P61626,1LZ1,ProTherm
6895,148,V143A,1.32,64.9,2.7,P61626,1LZ1,ProTherm
7750,148,V143A,1.6,49.2,2.7,P61626,1LZ1,ProTherm
6880,148,G145A,0.55,64.9,2.7,P61626,1LZ1,ProTherm
6881,148,G147A,-0.14,64.9,2.7,P61626,1LZ1,ProTherm
6896,148,V148A,0.84,64.9,2.7,P61626,1LZ1,ProTherm
7751,148,V148A,1.12,49.2,2.7,P61626,1LZ1,ProTherm
6571,147,F21Y,0.45,74.0,6.4,P00698,4LYZ,ProTherm
6754,147,M30L,0.57,66.0,2.7,P00698,4LYZ,ProTherm
6755,147,M30F,-0.28,66.0,2.7,P00698,4LYZ,ProTherm
12715,147,K31D,6.69,20.0,9.5,P00698,4LYZ,ProTherm
6572,147,H33L,-0.76,74.0,6.4,P00698,4LYZ,ProTherm
6573,147,N37K,1.06,74.0,6.4,P00698,4LYZ,ProTherm
6574,147,R39Q,0.15,74.0,6.4,P00698,4LYZ,ProTherm
6584,147,A49V,-1.2,74.0,6.4,P00698,4LYZ,ProTherm
6585,147,A49I,-1.4,74.0,6.4,P00698,4LYZ,ProTherm
6586,147,A49L,-1.8,74.0,6.4,P00698,4LYZ,ProTherm
6575,147,F52Y,-0.19,74.0,6.4,P00698,4LYZ,ProTherm
8362,147,E53Q,0.53,35.0,3.5,P00698,4LYZ,ProTherm
8365,147,E53Q,0.47,35.0,4.0,P00698,4LYZ,ProTherm
8368,147,E53Q,0.43,35.0,4.5,P00698,4LYZ,ProTherm
8371,147,E53Q,-0.15,35.0,5.0,P00698,4LYZ,ProTherm
8374,147,E53Q,-0.48,35.0,5.5,P00698,4LYZ,ProTherm
8363,147,E53A,-1.46,35.0,3.5,P00698,4LYZ,ProTherm
8366,147,E53A,-1.14,35.0,4.0,P00698,4LYZ,ProTherm
8369,147,E53A,-0.86,35.0,4.5,P00698,4LYZ,ProTherm
8372,147,E53A,-1.55,35.0,5.0,P00698,4LYZ,ProTherm
8375,147,E53A,-1.77,35.0,5.5,P00698,4LYZ,ProTherm
8364,147,E53H,3.43,35.0,3.5,P00698,4LYZ,ProTherm
8367,147,E53H,3.13,35.0,4.0,P00698,4LYZ,ProTherm
8370,147,E53H,2.76,35.0,4.5,P00698,4LYZ,ProTherm
8373,147,E53H,1.56,35.0,5.0,P00698,4LYZ,ProTherm
8376,147,E53H,0.61,35.0,5.5,P00698,4LYZ,ProTherm
6598,147,T58S,0.27,74.0,6.4,P00698,4LYZ,ProTherm
6601,147,T58I,2.2,74.0,6.4,P00698,4LYZ,ProTherm
8357,147,N64D,-0.46,35.0,3.5,P00698,4LYZ,ProTherm
8358,147,N64D,-0.03,35.0,4.0,P00698,4LYZ,ProTherm
8359,147,N64D,0.69,35.0,4.5,P00698,4LYZ,ProTherm
8360,147,N64D,0.76,35.0,5.0,P00698,4LYZ,ProTherm
8361,147,N64D,0.84,35.0,5.5,P00698,4LYZ,ProTherm
6758,147,G67A,1.89,65.6,2.7,P00698,4LYZ,ProTherm
8350,147,G67A,-1.92,35.0,5.5,P00698,4LYZ,ProTherm
12716,147,G67N,0.96,20.0,9.5,P00698,4LYZ,ProTherm
6599,147,I73L,0.45,74.0,6.4,P00698,4LYZ,ProTherm
6600,147,I73V,0.91,74.0,6.4,P00698,4LYZ,ProTherm
6602,147,I73M,2.27,74.0,6.4,P00698,4LYZ,ProTherm
6604,147,I73F,2.46,74.0,6.4,P00698,4LYZ,ProTherm
6606,147,I73A,4.4,74.0,6.4,P00698,4LYZ,ProTherm
6607,147,I73T,4.96,74.0,6.4,P00698,4LYZ,ProTherm
8868,147,I73T,3.3,25.0,5.0,P00698,4LYZ,ProTherm
8352,147,I76M,1.18,35.0,5.5,P00698,4LYZ,ProTherm
6759,147,G85A,0.98,65.6,2.7,P00698,4LYZ,ProTherm
8351,147,G85A,-1.27,35.0,5.5,P00698,4LYZ,ProTherm
6576,147,R86K,0.04,74.0,6.4,P00698,4LYZ,ProTherm
12717,147,P88N,2.15,20.0,9.5,P00698,4LYZ,ProTherm
6760,147,G89A,0.38,65.6,2.7,P00698,4LYZ,ProTherm
6577,147,R91K,-0.23,74.0,6.4,P00698,4LYZ,ProTherm
6578,147,N95H,0.38,74.0,6.4,P00698,4LYZ,ProTherm
8353,147,I96M,0.9,35.0,5.5,P00698,4LYZ,ProTherm
6595,147,S109T,-0.99,74.0,6.4,P00698,4LYZ,ProTherm
6596,147,S109V,0.08,74.0,6.4,P00698,4LYZ,ProTherm
6597,147,S109A,0.15,74.0,6.4,P00698,4LYZ,ProTherm
6603,147,S109D,2.31,74.0,6.4,P00698,4LYZ,ProTherm
6605,147,S109Y,3.07,74.0,6.4,P00698,4LYZ,ProTherm
12718,147,C112A,4.78,20.0,9.5,P00698,4LYZ,ProTherm
8354,147,I116M,0.9,35.0,5.5,P00698,4LYZ,ProTherm
6579,147,D119G,-0.45,74.0,6.4,P00698,4LYZ,ProTherm
6587,147,D119S,-0.87,74.0,6.4,P00698,4LYZ,ProTherm
6588,147,D119A,-0.76,74.0,6.4,P00698,4LYZ,ProTherm
6589,147,D119F,-0.72,74.0,6.4,P00698,4LYZ,ProTherm
6590,147,D119R,-0.27,74.0,6.4,P00698,4LYZ,ProTherm
6591,147,D119K,-0.19,74.0,6.4,P00698,4LYZ,ProTherm
6592,147,D119N,-0.04,74.0,6.4,P00698,4LYZ,ProTherm
6593,147,D119E,0.0,74.0,6.4,P00698,4LYZ,ProTherm
6594,147,D119Q,0.08,74.0,6.4,P00698,4LYZ,ProTherm
8355,147,D119P,2.4,35.0,5.5,P00698,4LYZ,ProTherm
6761,147,G120A,-0.02,65.6,2.7,P00698,4LYZ,ProTherm
6580,147,G120V,0.04,74.0,6.4,P00698,4LYZ,ProTherm
6581,147,G120R,-0.38,74.0,6.4,P00698,4LYZ,ProTherm
8356,147,G120P,0.1,35.0,5.5,P00698,4LYZ,ProTherm
12719,147,N121D,-0.24,20.0,9.5,P00698,4LYZ,ProTherm
12720,147,M123T,0.24,20.0,9.5,P00698,4LYZ,ProTherm
8377,147,W126Y,1.41,35.0,3.5,P00698,4LYZ,ProTherm
8379,147,W126Y,1.42,35.0,4.0,P00698,4LYZ,ProTherm
8381,147,W126Y,1.36,35.0,4.5,P00698,4LYZ,ProTherm
8383,147,W126Y,1.27,35.0,5.0,P00698,4LYZ,ProTherm
8385,147,W126Y,1.31,35.0,5.5,P00698,4LYZ,ProTherm
8378,147,W126Q,3.59,35.0,3.5,P00698,4LYZ,ProTherm
8380,147,W126Q,3.61,35.0,4.0,P00698,4LYZ,ProTherm
8382,147,W126Q,4.0,35.0,4.5,P00698,4LYZ,ProTherm
8384,147,W126Q,3.55,35.0,5.0,P00698,4LYZ,ProTherm
8386,147,W126Q,3.44,35.0,5.5,P00698,4LYZ,ProTherm
6582,147,R132H,-0.68,74.0,6.4,P00698,4LYZ,ProTherm
6762,147,G135A,1.46,65.6,2.7,P00698,4LYZ,ProTherm
8387,147,T136P,2.0,35.0,5.5,P00698,4LYZ,ProTherm
6583,147,Q139H,0.45,74.0,6.4,P00698,4LYZ,ProTherm
10505,268,A18G,4.1,25.0,7.8,P00929,2WSY,ProTherm
10506,268,A18V,0.0,25.0,7.8,P00929,2WSY,ProTherm
10507,268,A18V,4.1,25.0,7.8,P00929,2WSY,ProTherm
10508,268,A18V,-0.1,25.0,7.8,P00929,2WSY,ProTherm
10289,268,F22L,1.05,25.0,7.8,P00929,2WSY,ProTherm
10292,268,F22L,0.97,25.0,7.8,P00929,2WSY,ProTherm
10293,268,F22L,0.08,25.0,7.8,P00929,2WSY,ProTherm
10290,268,F22I,4.58,25.0,7.8,P00929,2WSY,ProTherm
10294,268,F22I,4.19,25.0,7.8,P00929,2WSY,ProTherm
10295,268,F22I,0.38,25.0,7.8,P00929,2WSY,ProTherm
10291,268,F22V,3.44,25.0,7.8,P00929,2WSY,ProTherm
10296,268,F22V,3.5,25.0,7.8,P00929,2WSY,ProTherm
10297,268,F22V,-0.06,25.0,7.8,P00929,2WSY,ProTherm
10513,268,Y175Q,1.4,25.0,7.8,P00929,2WSY,ProTherm
10514,268,Y175Q,-2.1,25.0,7.8,P00929,2WSY,ProTherm
10511,268,L209V,3.4,25.0,7.8,P00929,2WSY,ProTherm
10512,268,L209V,2.0,25.0,7.8,P00929,2WSY,ProTherm
10509,268,I232V,3.9,25.0,7.8,P00929,2WSY,ProTherm
10510,268,I232V,1.5,25.0,7.8,P00929,2WSY,ProTherm
8162,100,R36A,0.5,39.0,7.0,P00974,1BPI,ProTherm
8163,100,P37A,1.3,39.0,7.0,P00974,1BPI,ProTherm
8164,100,D38A,-0.2,39.0,7.0,P00974,1BPI,ProTherm
8165,100,F39A,3.0,39.0,7.0,P00974,1BPI,ProTherm
8166,100,L41A,0.6,39.0,7.0,P00974,1BPI,ProTherm
8167,100,E42A,1.5,39.0,7.0,P00974,1BPI,ProTherm
8168,100,P43A,0.3,39.0,7.0,P00974,1BPI,ProTherm
8169,100,P44A,0.8,39.0,7.0,P00974,1BPI,ProTherm
8170,100,Y45A,1.2,39.0,7.0,P00974,1BPI,ProTherm
8171,100,T46A,0.0,39.0,7.0,P00974,1BPI,ProTherm
8172,100,G47A,1.8,39.0,7.0,P00974,1BPI,ProTherm
10548,100,G47D,4.3,25.0,8.7,P00974,1BPI,ProTherm
10549,100,G47V,4.1,25.0,8.7,P00974,1BPI,ProTherm
8173,100,P48A,1.2,39.0,7.0,P00974,1BPI,ProTherm
10550,100,P48A,1.6,25.0,8.7,P00974,1BPI,ProTherm
10551,100,P48S,1.4,25.0,8.7,P00974,1BPI,ProTherm
8174,100,K50A,0.4,39.0,7.0,P00974,1BPI,ProTherm
10552,100,A51T,1.7,25.0,8.7,P00974,1BPI,ProTherm
10553,100,A51V,1.3,25.0,8.7,P00974,1BPI,ProTherm
8175,100,R52A,0.3,39.0,7.0,P00974,1BPI,ProTherm
8176,100,I53A,1.5,39.0,7.0,P00974,1BPI,ProTherm
8177,100,I54A,2.1,39.0,7.0,P00974,1BPI,ProTherm
8178,100,R55A,1.8,39.0,7.0,P00974,1BPI,ProTherm
12785,100,Y56A,3.9,20.0,2.0,P00974,1BPI,ProTherm
8179,100,F57A,2.0,39.0,7.0,P00974,1BPI,ProTherm
9239,100,F57A,1.2,25.0,2.0,P00974,1BPI,ProTherm
12786,100,F57A,1.0,20.0,2.0,P00974,1BPI,ProTherm
9240,100,Y58A,5.9,25.0,2.0,P00974,1BPI,ProTherm
12787,100,Y58A,6.0,20.0,2.0,P00974,1BPI,ProTherm
8180,100,N59A,2.2,39.0,7.0,P00974,1BPI,ProTherm
8181,100,K61A,0.0,39.0,7.0,P00974,1BPI,ProTherm
8182,100,G63A,1.0,39.0,7.0,P00974,1BPI,ProTherm
8183,100,L64A,0.0,39.0,7.0,P00974,1BPI,ProTherm
8184,100,Q66A,1.0,39.0,7.0,P00974,1BPI,ProTherm
8185,100,T67A,0.1,39.0,7.0,P00974,1BPI,ProTherm
10554,100,F68I,2.4,25.0,8.7,P00974,1BPI,ProTherm
10555,100,F68L,1.3,25.0,8.7,P00974,1BPI,ProTherm
8186,100,V69A,1.2,39.0,7.0,P00974,1BPI,ProTherm
8762,100,Y70G,5.0,25.0,2.0,P00974,1BPI,ProTherm
9241,100,Y70G,5.0,25.0,2.0,P00974,1BPI,ProTherm
10559,100,Y70G,5.0,25.0,8.7,P00974,1BPI,ProTherm
8187,100,Y70A,1.1,39.0,7.0,P00974,1BPI,ProTherm
10556,100,Y70A,4.7,25.0,8.7,P00974,1BPI,ProTherm
10557,100,Y70D,3.8,25.0,8.7,P00974,1BPI,ProTherm
10558,100,Y70F,0.6,25.0,8.7,P00974,1BPI,ProTherm
10560,100,Y70L,3.7,25.0,8.7,P00974,1BPI,ProTherm
10561,100,Y70N,3.7,25.0,8.7,P00974,1BPI,ProTherm
8188,100,G71A,2.1,39.0,7.0,P00974,1BPI,ProTherm
6609,100,G71S,0.7,72.6,4.6,P00974,1BPI,ProTherm
10562,100,G71D,2.8,25.0,8.7,P00974,1BPI,ProTherm
8189,100,G72A,2.3,39.0,7.0,P00974,1BPI,ProTherm
8763,100,G72A,4.9,25.0,2.0,P00974,1BPI,ProTherm
10563,100,G72A,2.2,25.0,8.7,P00974,1BPI,ProTherm
12788,100,G72A,2.7,20.0,2.0,P00974,1BPI,ProTherm
10564,100,G72D,1.7,25.0,8.7,P00974,1BPI,ProTherm
8190,100,R74A,0.0,39.0,7.0,P00974,1BPI,ProTherm
8191,100,K76A,0.4,39.0,7.0,P00974,1BPI,ProTherm
8192,100,R77A,0.5,39.0,7.0,P00974,1BPI,ProTherm
8764,100,N78G,5.7,25.0,2.0,P00974,1BPI,ProTherm
9242,100,N78G,5.7,25.0,2.0,P00974,1BPI,ProTherm
8193,100,N79A,3.3,39.0,7.0,P00974,1BPI,ProTherm
8765,100,N79G,4.7,25.0,2.0,P00974,1BPI,ProTherm
9243,100,F80A,6.9,25.0,2.0,P00974,1BPI,ProTherm
12789,100,F80A,6.8,20.0,2.0,P00974,1BPI,ProTherm
8194,100,K81A,-0.1,39.0,7.0,P00974,1BPI,ProTherm
8195,100,S82A,1.6,39.0,7.0,P00974,1BPI,ProTherm
8196,100,E84A,0.2,39.0,7.0,P00974,1BPI,ProTherm
8197,100,D85A,0.4,39.0,7.0,P00974,1BPI,ProTherm
8198,100,M87A,1.7,39.0,7.0,P00974,1BPI,ProTherm
8199,100,R88A,0.1,39.0,7.0,P00974,1BPI,ProTherm
8200,100,T89A,0.1,39.0,7.0,P00974,1BPI,ProTherm
8201,100,G91A,0.2,39.0,7.0,P00974,1BPI,ProTherm
8202,100,G92A,0.2,39.0,7.0,P00974,1BPI,ProTherm
13547,231,S28G,4.71,20.0,7.0,P00644,1STN,ProTherm
13081,231,T86G,0.2,20.0,7.0,P00644,1STN,ProTherm
13082,231,T86A,0.2,20.0,7.0,P00644,1STN,ProTherm
12852,231,K87A,-0.3,20.0,7.0,P00644,1STN,ProTherm
12853,231,K87G,-0.3,20.0,7.0,P00644,1STN,ProTherm
12854,231,K88A,-0.3,20.0,7.0,P00644,1STN,ProTherm
12855,231,K88G,-0.3,20.0,7.0,P00644,1STN,ProTherm
13403,231,L89A,1.6,20.0,7.0,P00644,1STN,ProTherm
12755,231,L89I,0.9,20.0,7.0,P00644,1STN,ProTherm
12756,231,L89V,1.4,20.0,7.0,P00644,1STN,ProTherm
13404,231,L89G,1.5,20.0,7.0,P00644,1STN,ProTherm
12898,231,H90A,0.4,20.0,7.0,P00644,1STN,ProTherm
12899,231,H90G,0.8,20.0,7.0,P00644,1STN,ProTherm
12856,231,K91A,1.4,20.0,7.0,P00644,1STN,ProTherm
12857,231,K91G,1.9,20.0,7.0,P00644,1STN,ProTherm
13330,231,K91F,1.2,20.0,7.0,P00644,1STN,ProTherm
12828,231,E92A,1.3,20.0,7.0,P00644,1STN,ProTherm
12829,231,E92G,1.8,20.0,7.0,P00644,1STN,ProTherm
12916,231,E92K,2.2,20.0,7.0,P00644,1STN,ProTherm
12917,231,E92Q,1.3,20.0,7.0,P00644,1STN,ProTherm
13024,231,P93G,1.0,20.0,7.0,P00644,1STN,ProTherm
13025,231,P93A,0.4,20.0,7.0,P00644,1STN,ProTherm
13331,231,P93F,0.6,20.0,7.0,P00644,1STN,ProTherm
12998,231,A94G,2.4,20.0,7.0,P00644,1STN,ProTherm
12999,231,A94V,1.1,20.0,7.0,P00644,1STN,ProTherm
13510,231,T95S,0.3,20.0,7.0,P00644,1STN,ProTherm
13518,231,T95V,0.4,20.0,7.0,P00644,1STN,ProTherm
13526,231,T95C,1.4,20.0,7.0,P00644,1STN,ProTherm
12777,231,T95I,0.1,20.0,7.0,P00644,1STN,ProTherm
13083,231,T95G,1.1,20.0,7.0,P00644,1STN,ProTherm
13084,231,T95A,0.7,20.0,7.0,P00644,1STN,ProTherm
12757,231,L96I,1.5,20.0,7.0,P00644,1STN,ProTherm
12758,231,L96V,1.5,20.0,7.0,P00644,1STN,ProTherm
13405,231,L96A,2.3,20.0,7.0,P00644,1STN,ProTherm
13406,231,L96G,3.7,20.0,7.0,P00644,1STN,ProTherm
12744,231,I97L,0.6,20.0,7.0,P00644,1STN,ProTherm
12745,231,I97M,0.3,20.0,7.0,P00644,1STN,ProTherm
13436,231,I97V,0.8,20.0,7.0,P00644,1STN,ProTherm
13437,231,I97A,2.7,20.0,7.0,P00644,1STN,ProTherm
13584,231,I97A,2.6,20.0,7.0,P00644,1STN,ProTherm
13438,231,I97G,3.3,20.0,7.0,P00644,1STN,ProTherm
13585,231,I97G,3.3,20.0,7.0,P00644,1STN,ProTherm
12858,231,K98A,0.2,20.0,7.0,P00644,1STN,ProTherm
13576,231,K98A,0.2,20.0,7.0,P00644,1STN,ProTherm
12859,231,K98G,0.7,20.0,7.0,P00644,1STN,ProTherm
13577,231,K98G,0.7,20.0,7.0,P00644,1STN,ProTherm
13332,231,K98F,0.5,20.0,7.0,P00644,1STN,ProTherm
13000,231,A99G,0.3,20.0,7.0,P00644,1STN,ProTherm
13001,231,A99V,1.9,20.0,7.0,P00644,1STN,ProTherm
8092,231,I100M,0.2,40.0,5.42,P00644,1STN,ProTherm
12747,231,I100M,0.7,20.0,7.0,P00644,1STN,ProTherm
13301,231,I100M,0.5,20.0,7.0,P00644,1STN,ProTherm
13314,231,I100M,0.6,20.0,7.0,P00644,1STN,ProTherm
13320,231,I100M,0.7,20.0,7.0,P00644,1STN,ProTherm
12746,231,I100L,0.2,20.0,7.0,P00644,1STN,ProTherm
13441,231,I100G,2.5,20.0,7.0,P00644,1STN,ProTherm
13439,231,I100V,1.1,20.0,7.0,P00644,1STN,ProTherm
13440,231,I100A,2.5,20.0,7.0,P00644,1STN,ProTherm
13333,231,D101F,1.5,20.0,7.0,P00644,1STN,ProTherm
12812,231,D101A,0.1,20.0,7.0,P00644,1STN,ProTherm
13572,231,D101A,0.1,20.0,7.0,P00644,1STN,ProTherm
12813,231,D101G,0.5,20.0,7.0,P00644,1STN,ProTherm
13573,231,D101G,0.3,20.0,7.0,P00644,1STN,ProTherm
12918,231,D101K,0.3,20.0,7.0,P00644,1STN,ProTherm
12919,231,D101N,0.2,20.0,7.0,P00644,1STN,ProTherm
13036,231,G102A,0.3,20.0,7.0,P00644,1STN,ProTherm
13037,231,G102V,2.3,20.0,7.0,P00644,1STN,ProTherm
13155,231,G102E,3.2,20.0,3.9,P00644,1STN,ProTherm
13156,231,G102E,3.5,20.0,4.9,P00644,1STN,ProTherm
13157,231,G102E,3.7,20.0,6.0,P00644,1STN,ProTherm
13158,231,G102E,4.1,20.0,7.9,P00644,1STN,ProTherm
13159,231,G102E,3.8,20.0,9.1,P00644,1STN,ProTherm
12920,231,D103K,-1.0,20.0,7.0,P00644,1STN,ProTherm
12921,231,D103N,-1.4,20.0,7.0,P00644,1STN,ProTherm
12814,231,D103A,-0.7,20.0,7.0,P00644,1STN,ProTherm
13570,231,D103A,-0.7,20.0,7.0,P00644,1STN,ProTherm
12815,231,D103G,-0.3,20.0,7.0,P00644,1STN,ProTherm
13571,231,D103G,-0.3,20.0,7.0,P00644,1STN,ProTherm
13511,231,T104S,0.6,20.0,7.0,P00644,1STN,ProTherm
13519,231,T104V,0.9,20.0,7.0,P00644,1STN,ProTherm
13527,231,T104C,0.9,20.0,7.0,P00644,1STN,ProTherm
12778,231,T104I,0.7,20.0,7.0,P00644,1STN,ProTherm
13085,231,T104G,2.4,20.0,7.0,P00644,1STN,ProTherm
13086,231,T104A,1.6,20.0,7.0,P00644,1STN,ProTherm
13478,231,V105T,3.2,20.0,7.0,P00644,1STN,ProTherm
13421,231,V105A,2.9,20.0,7.0,P00644,1STN,ProTherm
13293,231,V105F,2.3,20.0,7.0,P00644,1STN,ProTherm
12726,231,V105I,0.2,20.0,7.0,P00644,1STN,ProTherm
12727,231,V105L,0.1,20.0,7.0,P00644,1STN,ProTherm
13160,231,V105E,4.4,20.0,3.9,P00644,1STN,ProTherm
13161,231,V105E,5.1,20.0,5.0,P00644,1STN,ProTherm
13162,231,V105E,6.0,20.0,6.0,P00644,1STN,ProTherm
13163,231,V105E,7.5,20.0,7.9,P00644,1STN,ProTherm
13164,231,V105E,7.5,20.0,9.1,P00644,1STN,ProTherm
13487,231,V105S,4.7,20.0,7.0,P00644,1STN,ProTherm
12861,231,K106G,1.2,20.0,7.0,P00644,1STN,ProTherm
12860,231,K106A,0.2,20.0,7.0,P00644,1STN,ProTherm
13334,231,K106F,0.6,20.0,7.0,P00644,1STN,ProTherm
7603,231,L107A,2.6,51.4,7.0,P00644,1STN,ProTherm
7790,231,L107A,2.8,47.0,5.0,P00644,1STN,ProTherm
13407,231,L107A,2.7,20.0,7.0,P00644,1STN,ProTherm
12759,231,L107I,1.7,20.0,7.0,P00644,1STN,ProTherm
12760,231,L107V,1.8,20.0,7.0,P00644,1STN,ProTherm
13165,231,L107E,5.9,20.0,3.9,P00644,1STN,ProTherm
13166,231,L107E,6.4,20.0,5.0,P00644,1STN,ProTherm
13167,231,L107E,7.6,20.0,6.0,P00644,1STN,ProTherm
13168,231,L107E,9.8,20.0,8.0,P00644,1STN,ProTherm
13169,231,L107E,9.5,20.0,9.0,P00644,1STN,ProTherm
13408,231,L107G,4.5,20.0,7.0,P00644,1STN,ProTherm
13450,231,M108G,2.2,20.0,7.0,P00644,1STN,ProTherm
12721,231,M108I,0.9,20.0,7.0,P00644,1STN,ProTherm
12724,231,M108L,0.5,20.0,7.0,P00644,1STN,ProTherm
13449,231,M108A,1.5,20.0,7.0,P00644,1STN,ProTherm
13280,231,Y109F,0.0,20.0,7.0,P00644,1STN,ProTherm
13496,231,Y109F,0.6,20.0,7.0,P00644,1STN,ProTherm
13277,231,Y109A,2.8,20.0,7.0,P00644,1STN,ProTherm
13457,231,Y109A,4.2,20.0,7.0,P00644,1STN,ProTherm
13278,231,Y109C,2.9,20.0,7.0,P00644,1STN,ProTherm
13279,231,Y109E,5.0,20.0,7.0,P00644,1STN,ProTherm
13281,231,Y109H,1.6,20.0,7.0,P00644,1STN,ProTherm
13282,231,Y109I,2.5,20.0,7.0,P00644,1STN,ProTherm
13283,231,Y109K,3.9,20.0,7.0,P00644,1STN,ProTherm
13284,231,Y109L,1.5,20.0,7.0,P00644,1STN,ProTherm
13285,231,Y109M,2.0,20.0,7.0,P00644,1STN,ProTherm
13286,231,Y109N,4.0,20.0,7.0,P00644,1STN,ProTherm
13287,231,Y109Q,3.2,20.0,7.0,P00644,1STN,ProTherm
13288,231,Y109R,2.9,20.0,7.0,P00644,1STN,ProTherm
13289,231,Y109S,3.0,20.0,7.0,P00644,1STN,ProTherm
13290,231,Y109T,3.3,20.0,7.0,P00644,1STN,ProTherm
13291,231,Y109V,3.0,20.0,7.0,P00644,1STN,ProTherm
13292,231,Y109W,0.6,20.0,7.0,P00644,1STN,ProTherm
13335,231,K110F,0.9,20.0,7.0,P00644,1STN,ProTherm
12862,231,K110A,0.7,20.0,7.0,P00644,1STN,ProTherm
13554,231,K110A,0.7,20.0,7.0,P00644,1STN,ProTherm
12863,231,K110G,0.7,20.0,7.0,P00644,1STN,ProTherm
13555,231,K110G,0.7,20.0,7.0,P00644,1STN,ProTherm
12922,231,K110E,0.8,20.0,7.0,P00644,1STN,ProTherm
12923,231,K110Q,0.3,20.0,7.0,P00644,1STN,ProTherm
13336,231,G111F,1.4,20.0,7.0,P00644,1STN,ProTherm
13611,231,G111F,1.1,20.0,7.0,P00644,1STN,ProTherm
13602,231,G111C,1.1,20.0,7.0,P00644,1STN,ProTherm
13038,231,G111A,1.3,20.0,7.0,P00644,1STN,ProTherm
13561,231,G111A,1.2,20.0,7.0,P00644,1STN,ProTherm
13039,231,G111V,3.0,20.0,7.0,P00644,1STN,ProTherm
13064,231,Q112G,0.9,20.0,7.0,P00644,1STN,ProTherm
13065,231,Q112A,0.3,20.0,7.0,P00644,1STN,ProTherm
13026,231,P113G,1.6,20.0,7.0,P00644,1STN,ProTherm
13027,231,P113A,0.5,20.0,7.0,P00644,1STN,ProTherm
14399,231,P113A,0.6,0.0,7.0,P00644,1STN,ProTherm
13545,231,M114L,0.8,20.0,7.0,P00644,1STN,ProTherm
13546,231,M114I,0.6,20.0,7.0,P00644,1STN,ProTherm
13451,231,M114A,1.7,20.0,7.0,P00644,1STN,ProTherm
13452,231,M114G,2.4,20.0,7.0,P00644,1STN,ProTherm
13302,231,T115S,1.0,20.0,7.0,P00644,1STN,ProTherm
13512,231,T115S,1.3,20.0,7.0,P00644,1STN,ProTherm
13520,231,T115V,-0.4,20.0,7.0,P00644,1STN,ProTherm
13528,231,T115C,1.2,20.0,7.0,P00644,1STN,ProTherm
12779,231,T115I,-0.6,20.0,7.0,P00644,1STN,ProTherm
13087,231,T115G,2.5,20.0,7.0,P00644,1STN,ProTherm
13088,231,T115A,1.4,20.0,7.0,P00644,1STN,ProTherm
12711,231,F116C,2.8,20.0,7.6,P00644,1STN,ProTherm
13170,231,F116E,3.9,20.0,3.9,P00644,1STN,ProTherm
13171,231,F116E,5.4,20.0,5.0,P00644,1STN,ProTherm
13172,231,F116E,6.5,20.0,6.0,P00644,1STN,ProTherm
13173,231,F116E,8.1,20.0,7.9,P00644,1STN,ProTherm
13174,231,F116E,7.9,20.0,9.0,P00644,1STN,ProTherm
13467,231,F116A,3.7,20.0,7.0,P00644,1STN,ProTherm
12906,231,R117A,1.4,20.0,7.0,P00644,1STN,ProTherm
12907,231,R117G,2.2,20.0,7.0,P00644,1STN,ProTherm
12712,231,L118C,2.9,20.0,7.6,P00644,1STN,ProTherm
12713,231,L118C,-0.6,20.0,7.6,P00644,1STN,ProTherm
12714,231,L118C,-0.7,20.0,7.6,P00644,1STN,ProTherm
12761,231,L118I,3.1,20.0,7.0,P00644,1STN,ProTherm
12762,231,L118V,3.5,20.0,7.0,P00644,1STN,ProTherm
13409,231,L118A,3.5,20.0,7.0,P00644,1STN,ProTherm
13410,231,L118G,5.3,20.0,7.0,P00644,1STN,ProTherm
13175,231,L118E,4.7,20.0,3.9,P00644,1STN,ProTherm
13176,231,L118E,4.2,20.0,4.4,P00644,1STN,ProTherm
13177,231,L118E,4.6,20.0,5.0,P00644,1STN,ProTherm
13178,231,L118E,5.3,20.0,6.0,P00644,1STN,ProTherm
13179,231,L118E,7.5,20.0,7.9,P00644,1STN,ProTherm
13180,231,L118E,8.4,20.0,9.0,P00644,1STN,ProTherm
13181,231,L118E,8.8,20.0,9.9,P00644,1STN,ProTherm
12763,231,L119I,2.0,20.0,7.0,P00644,1STN,ProTherm
12764,231,L119V,3.0,20.0,7.0,P00644,1STN,ProTherm
13411,231,L119A,1.7,20.0,7.0,P00644,1STN,ProTherm
13412,231,L119G,3.8,20.0,7.0,P00644,1STN,ProTherm
13182,231,L119E,2.1,20.0,3.9,P00644,1STN,ProTherm
13183,231,L119E,2.7,20.0,5.0,P00644,1STN,ProTherm
13184,231,L119E,3.2,20.0,6.0,P00644,1STN,ProTherm
13185,231,L119E,3.1,20.0,8.0,P00644,1STN,ProTherm
12765,231,L120I,2.1,20.0,7.0,P00644,1STN,ProTherm
12766,231,L120V,0.2,20.0,7.0,P00644,1STN,ProTherm
13186,231,L120E,1.2,20.0,3.9,P00644,1STN,ProTherm
13187,231,L120E,2.0,20.0,4.5,P00644,1STN,ProTherm
13188,231,L120E,2.3,20.0,5.0,P00644,1STN,ProTherm
13189,231,L120E,3.4,20.0,5.9,P00644,1STN,ProTherm
13190,231,L120E,4.6,20.0,7.9,P00644,1STN,ProTherm
13191,231,L120E,4.6,20.0,9.0,P00644,1STN,ProTherm
13413,231,L120A,1.7,20.0,7.0,P00644,1STN,ProTherm
13556,231,L120A,1.6,20.0,7.0,P00644,1STN,ProTherm
13414,231,L120G,0.6,20.0,7.0,P00644,1STN,ProTherm
13557,231,L120G,0.5,20.0,7.0,P00644,1STN,ProTherm
13479,231,V121T,1.3,20.0,7.0,P00644,1STN,ProTherm
13488,231,V121S,2.4,20.0,7.0,P00644,1STN,ProTherm
12728,231,V121I,-0.1,20.0,7.0,P00644,1STN,ProTherm
12729,231,V121L,0.9,20.0,7.0,P00644,1STN,ProTherm
13192,231,V121E,3.9,20.0,3.9,P00644,1STN,ProTherm
13193,231,V121E,4.2,20.0,4.9,P00644,1STN,ProTherm
13194,231,V121E,4.7,20.0,6.0,P00644,1STN,ProTherm
13195,231,V121E,6.6,20.0,7.9,P00644,1STN,ProTherm
13196,231,V121E,7.2,20.0,9.1,P00644,1STN,ProTherm
13422,231,V121A,2.2,20.0,7.0,P00644,1STN,ProTherm
13423,231,V121G,4.7,20.0,7.0,P00644,1STN,ProTherm
12816,231,D122A,-0.2,20.0,7.0,P00644,1STN,ProTherm
12817,231,D122G,0.5,20.0,7.0,P00644,1STN,ProTherm
13513,231,T123S,1.1,20.0,7.0,P00644,1STN,ProTherm
13521,231,T123V,-0.8,20.0,7.0,P00644,1STN,ProTherm
13529,231,T123C,-0.6,20.0,7.0,P00644,1STN,ProTherm
12780,231,T123I,-0.7,20.0,7.0,P00644,1STN,ProTherm
13089,231,T123G,2.0,20.0,7.0,P00644,1STN,ProTherm
13090,231,T123A,0.0,20.0,7.0,P00644,1STN,ProTherm
13197,231,T123E,2.1,20.0,3.9,P00644,1STN,ProTherm
13198,231,T123E,2.6,20.0,5.0,P00644,1STN,ProTherm
13199,231,T123E,3.0,20.0,6.0,P00644,1STN,ProTherm
13200,231,T123E,4.3,20.0,8.0,P00644,1STN,ProTherm
13201,231,T123E,4.0,20.0,9.0,P00644,1STN,ProTherm
13028,231,P124G,0.4,20.0,7.0,P00644,1STN,ProTherm
13029,231,P124A,-0.1,20.0,7.0,P00644,1STN,ProTherm
12830,231,E125A,-0.3,20.0,7.0,P00644,1STN,ProTherm
12831,231,E125G,-0.5,20.0,7.0,P00644,1STN,ProTherm
13472,231,E125D,-0.2,20.0,7.0,P00644,1STN,ProTherm
13514,231,T126S,0.0,20.0,7.0,P00644,1STN,ProTherm
13522,231,T126V,-0.1,20.0,7.0,P00644,1STN,ProTherm
13530,231,T126C,0.2,20.0,7.0,P00644,1STN,ProTherm
12781,231,T126I,0.6,20.0,7.0,P00644,1STN,ProTherm
13091,231,T126G,0.6,20.0,7.0,P00644,1STN,ProTherm
13092,231,T126A,0.4,20.0,7.0,P00644,1STN,ProTherm
12864,231,K127A,-0.3,20.0,7.0,P00644,1STN,ProTherm
13582,231,K127A,-0.3,20.0,7.0,P00644,1STN,ProTherm
12865,231,K127G,-0.2,20.0,7.0,P00644,1STN,ProTherm
13583,231,K127G,-0.2,20.0,7.0,P00644,1STN,ProTherm
8091,231,H128Y,0.0,40.0,5.38,P00644,1STN,ProTherm
12900,231,H128A,0.5,20.0,7.0,P00644,1STN,ProTherm
12901,231,H128G,0.4,20.0,7.0,P00644,1STN,ProTherm
13337,231,P129F,0.3,20.0,7.0,P00644,1STN,ProTherm
13030,231,P129G,0.1,20.0,7.0,P00644,1STN,ProTherm
13031,231,P129A,0.6,20.0,7.0,P00644,1STN,ProTherm
13338,231,K130F,0.5,20.0,7.0,P00644,1STN,ProTherm
12866,231,K130A,-0.1,20.0,7.0,P00644,1STN,ProTherm
12867,231,K130G,-0.2,20.0,7.0,P00644,1STN,ProTherm
12924,231,K130E,0.0,20.0,7.0,P00644,1STN,ProTherm
12925,231,K130Q,0.1,20.0,7.0,P00644,1STN,ProTherm
13339,231,K131F,0.0,20.0,7.0,P00644,1STN,ProTherm
12868,231,K131A,0.3,20.0,7.0,P00644,1STN,ProTherm
13580,231,K131A,0.3,20.0,7.0,P00644,1STN,ProTherm
12869,231,K131G,0.2,20.0,7.0,P00644,1STN,ProTherm
13581,231,K131G,0.2,20.0,7.0,P00644,1STN,ProTherm
13603,231,G132C,0.8,20.0,7.0,P00644,1STN,ProTherm
13340,231,G132F,0.8,20.0,7.0,P00644,1STN,ProTherm
13612,231,G132F,0.4,20.0,7.0,P00644,1STN,ProTherm
13040,231,G132A,-0.2,20.0,7.0,P00644,1STN,ProTherm
13589,231,G132A,-0.3,20.0,7.0,P00644,1STN,ProTherm
13041,231,G132V,1.1,20.0,7.0,P00644,1STN,ProTherm
13480,231,V133T,-0.2,20.0,7.0,P00644,1STN,ProTherm
13489,231,V133S,0.1,20.0,7.0,P00644,1STN,ProTherm
12730,231,V133I,-0.1,20.0,7.0,P00644,1STN,ProTherm
12731,231,V133L,0.2,20.0,7.0,P00644,1STN,ProTherm
13424,231,V133A,0.3,20.0,7.0,P00644,1STN,ProTherm
13564,231,V133A,0.2,20.0,7.0,P00644,1STN,ProTherm
13425,231,V133G,0.4,20.0,7.0,P00644,1STN,ProTherm
13565,231,V133G,0.3,20.0,7.0,P00644,1STN,ProTherm
13341,231,E134F,0.7,20.0,7.0,P00644,1STN,ProTherm
12832,231,E134A,0.1,20.0,7.0,P00644,1STN,ProTherm
13578,231,E134A,0.1,20.0,7.0,P00644,1STN,ProTherm
12833,231,E134G,0.4,20.0,7.0,P00644,1STN,ProTherm
13579,231,E134G,0.4,20.0,7.0,P00644,1STN,ProTherm
12870,231,K135A,0.2,20.0,7.0,P00644,1STN,ProTherm
12871,231,K135G,0.3,20.0,7.0,P00644,1STN,ProTherm
13497,231,Y136F,0.5,20.0,7.0,P00644,1STN,ProTherm
13504,231,Y136L,3.4,20.0,7.0,P00644,1STN,ProTherm
13458,231,Y136A,2.2,20.0,7.0,P00644,1STN,ProTherm
13558,231,Y136A,2.1,20.0,7.0,P00644,1STN,ProTherm
13459,231,Y136G,1.9,20.0,7.0,P00644,1STN,ProTherm
13559,231,Y136G,1.8,20.0,7.0,P00644,1STN,ProTherm
13042,231,G137A,0.6,20.0,7.0,P00644,1STN,ProTherm
13043,231,G137V,1.8,20.0,7.0,P00644,1STN,ProTherm
13032,231,P138G,1.0,20.0,7.0,P00644,1STN,ProTherm
13033,231,P138A,0.0,20.0,7.0,P00644,1STN,ProTherm
13342,231,E139F,0.7,20.0,7.0,P00644,1STN,ProTherm
13613,231,E139F,0.9,20.0,7.0,P00644,1STN,ProTherm
13604,231,E139C,0.7,20.0,7.0,P00644,1STN,ProTherm
12834,231,E139A,0.2,20.0,7.0,P00644,1STN,ProTherm
12835,231,E139G,1.6,20.0,7.0,P00644,1STN,ProTherm
12926,231,E139K,0.1,20.0,7.0,P00644,1STN,ProTherm
12927,231,E139Q,0.2,20.0,7.0,P00644,1STN,ProTherm
13002,231,A140G,2.6,20.0,7.0,P00644,1STN,ProTherm
13003,231,A140V,2.8,20.0,7.0,P00644,1STN,ProTherm
13202,231,A140E,3.8,20.0,3.9,P00644,1STN,ProTherm
13203,231,A140E,4.5,20.0,4.9,P00644,1STN,ProTherm
13204,231,A140E,4.8,20.0,5.9,P00644,1STN,ProTherm
13205,231,A140E,6.9,20.0,8.0,P00644,1STN,ProTherm
13206,231,A140E,6.9,20.0,9.0,P00644,1STN,ProTherm
13207,231,A140E,6.4,20.0,9.9,P00644,1STN,ProTherm
13076,231,S141A,-0.4,20.0,7.0,P00644,1STN,ProTherm
13075,231,S141G,1.1,20.0,7.0,P00644,1STN,ProTherm
13343,231,S141F,0.0,20.0,7.0,P00644,1STN,ProTherm
13605,231,A142C,1.2,20.0,7.0,P00644,1STN,ProTherm
13004,231,A142G,1.4,20.0,7.0,P00644,1STN,ProTherm
13005,231,A142V,2.8,20.0,7.0,P00644,1STN,ProTherm
13344,231,A142F,0.8,20.0,7.0,P00644,1STN,ProTherm
13468,231,F143A,2.3,20.0,7.0,P00644,1STN,ProTherm
13469,231,F143G,4.8,20.0,7.0,P00644,1STN,ProTherm
13515,231,T144S,2.1,20.0,7.0,P00644,1STN,ProTherm
13523,231,T144V,0.2,20.0,7.0,P00644,1STN,ProTherm
13531,231,T144C,1.1,20.0,7.0,P00644,1STN,ProTherm
12782,231,T144I,1.7,20.0,7.0,P00644,1STN,ProTherm
13094,231,T144A,2.4,20.0,7.0,P00644,1STN,ProTherm
13093,231,T144G,3.5,20.0,7.0,P00644,1STN,ProTherm
13208,231,T144E,2.5,20.0,3.9,P00644,1STN,ProTherm
13209,231,T144E,3.2,20.0,5.0,P00644,1STN,ProTherm
13210,231,T144E,4.2,20.0,6.0,P00644,1STN,ProTherm
13211,231,T144E,6.3,20.0,7.9,P00644,1STN,ProTherm
13212,231,T144E,6.7,20.0,9.0,P00644,1STN,ProTherm
13213,231,T144E,6.5,20.0,9.9,P00644,1STN,ProTherm
12872,231,K145A,0.5,20.0,7.0,P00644,1STN,ProTherm
12873,231,K145G,1.5,20.0,7.0,P00644,1STN,ProTherm
12928,231,K145E,1.5,20.0,7.0,P00644,1STN,ProTherm
12929,231,K145Q,1.0,20.0,7.0,P00644,1STN,ProTherm
13345,231,K145F,2.0,20.0,7.0,P00644,1STN,ProTherm
12874,231,K146A,-0.1,20.0,7.0,P00644,1STN,ProTherm
12875,231,K146G,0.4,20.0,7.0,P00644,1STN,ProTherm
12930,231,K146E,1.6,20.0,7.0,P00644,1STN,ProTherm
12931,231,K146Q,0.0,20.0,7.0,P00644,1STN,ProTherm
13346,231,K146F,0.3,20.0,7.0,P00644,1STN,ProTherm
13347,231,M147F,1.6,20.0,7.0,P00644,1STN,ProTherm
12722,231,M147I,1.5,20.0,7.0,P00644,1STN,ProTherm
12725,231,M147L,0.8,20.0,7.0,P00644,1STN,ProTherm
13453,231,M147A,2.0,20.0,7.0,P00644,1STN,ProTherm
13454,231,M147G,4.6,20.0,7.0,P00644,1STN,ProTherm
7604,231,V148L,-0.8,51.4,7.0,P00644,1STN,ProTherm
7791,231,V148L,-0.6,47.0,5.0,P00644,1STN,ProTherm
12733,231,V148L,0.3,20.0,7.0,P00644,1STN,ProTherm
13120,231,V148L,0.2,20.0,7.0,P00644,1STN,ProTherm
13294,231,V148L,0.1,20.0,7.0,P00644,1STN,ProTherm
13311,231,V148L,0.2,20.0,7.0,P00644,1STN,ProTherm
13317,231,V148L,-0.2,20.0,7.0,P00644,1STN,ProTherm
13481,231,V148T,1.2,20.0,7.0,P00644,1STN,ProTherm
13535,231,V148T,1.4,20.0,7.0,P00644,1STN,ProTherm
13490,231,V148S,3.1,20.0,7.0,P00644,1STN,ProTherm
13305,231,V148W,3.01,20.0,7.0,P00644,1STN,ProTherm
13308,231,V148W,3.36,20.0,7.0,P00644,1STN,ProTherm
13477,231,V148W,4.02,20.0,7.0,P00644,1STN,ProTherm
13426,231,V148A,2.2,20.0,7.0,P00644,1STN,ProTherm
13427,231,V148G,4.4,20.0,7.0,P00644,1STN,ProTherm
12732,231,V148I,1.0,20.0,7.0,P00644,1STN,ProTherm
12802,231,V148M,0.2,20.0,7.0,P00644,1STN,ProTherm
12803,231,V148M,0.1,20.0,8.8,P00644,1STN,ProTherm
12805,231,V148M,0.1,20.0,9.6,P00644,1STN,ProTherm
12804,231,V148K,5.2,20.0,8.8,P00644,1STN,ProTherm
12806,231,V148K,4.4,20.0,9.6,P00644,1STN,ProTherm
13348,231,E149F,1.4,20.0,7.0,P00644,1STN,ProTherm
12836,231,E149A,1.0,20.0,7.0,P00644,1STN,ProTherm
12837,231,E149G,0.9,20.0,7.0,P00644,1STN,ProTherm
12932,231,E149Q,0.5,20.0,7.0,P00644,1STN,ProTherm
13054,231,N150G,0.5,20.0,7.0,P00644,1STN,ProTherm
13055,231,N150A,0.5,20.0,7.0,P00644,1STN,ProTherm
13122,231,A151T,2.7,20.0,7.0,P00644,1STN,ProTherm
13303,231,A151T,2.63,20.0,7.0,P00644,1STN,ProTherm
13315,231,A151T,2.7,20.0,7.0,P00644,1STN,ProTherm
13321,231,A151T,3.9,20.0,7.0,P00644,1STN,ProTherm
13006,231,A151G,2.0,20.0,7.0,P00644,1STN,ProTherm
13007,231,A151V,2.3,20.0,7.0,P00644,1STN,ProTherm
13306,231,K152W,0.84,20.0,7.0,P00644,1STN,ProTherm
13309,231,K152W,0.15,20.0,7.0,P00644,1STN,ProTherm
13606,231,K152C,0.5,20.0,7.0,P00644,1STN,ProTherm
13349,231,K152F,0.2,20.0,7.0,P00644,1STN,ProTherm
13614,231,K152F,0.0,20.0,7.0,P00644,1STN,ProTherm
12876,231,K152A,0.1,20.0,7.0,P00644,1STN,ProTherm
12877,231,K152G,0.5,20.0,7.0,P00644,1STN,ProTherm
12933,231,K152E,0.4,20.0,7.0,P00644,1STN,ProTherm
12934,231,K152Q,0.3,20.0,7.0,P00644,1STN,ProTherm
12878,231,K153A,0.4,20.0,7.0,P00644,1STN,ProTherm
12879,231,K153G,1.1,20.0,7.0,P00644,1STN,ProTherm
13350,231,K153F,0.0,20.0,7.0,P00644,1STN,ProTherm
12748,231,I154L,0.2,20.0,7.0,P00644,1STN,ProTherm
12749,231,I154M,1.8,20.0,7.0,P00644,1STN,ProTherm
13214,231,I154E,4.7,20.0,3.9,P00644,1STN,ProTherm
13215,231,I154E,5.4,20.0,4.9,P00644,1STN,ProTherm
13216,231,I154E,6.5,20.0,6.0,P00644,1STN,ProTherm
13217,231,I154E,8.2,20.0,8.0,P00644,1STN,ProTherm
13218,231,I154E,8.5,20.0,9.0,P00644,1STN,ProTherm
13442,231,I154V,1.8,20.0,7.0,P00644,1STN,ProTherm
13443,231,I154A,5.1,20.0,7.0,P00644,1STN,ProTherm
12839,231,E155G,2.7,20.0,7.0,P00644,1STN,ProTherm
13351,231,E155F,1.1,20.0,7.0,P00644,1STN,ProTherm
12838,231,E155A,1.2,20.0,7.0,P00644,1STN,ProTherm
12935,231,E155K,2.1,20.0,7.0,P00644,1STN,ProTherm
12936,231,E155Q,0.7,20.0,7.0,P00644,1STN,ProTherm
13482,231,V156T,3.8,20.0,7.0,P00644,1STN,ProTherm
12734,231,V156I,1.8,20.0,7.0,P00644,1STN,ProTherm
12735,231,V156L,1.2,20.0,7.0,P00644,1STN,ProTherm
13219,231,V156E,5.4,20.0,3.9,P00644,1STN,ProTherm
13220,231,V156E,6.1,20.0,5.0,P00644,1STN,ProTherm
13221,231,V156E,6.8,20.0,6.0,P00644,1STN,ProTherm
13222,231,V156E,9.2,20.0,7.9,P00644,1STN,ProTherm
13223,231,V156E,9.4,20.0,9.0,P00644,1STN,ProTherm
13224,231,V156E,9.1,20.0,9.9,P00644,1STN,ProTherm
13428,231,V156A,3.1,20.0,7.0,P00644,1STN,ProTherm
13491,231,V156S,5.4,20.0,7.0,P00644,1STN,ProTherm
12840,231,E157A,2.2,20.0,7.0,P00644,1STN,ProTherm
12841,231,E157G,3.5,20.0,7.0,P00644,1STN,ProTherm
13295,231,E157V,2.31,20.0,7.0,P00644,1STN,ProTherm
12937,231,E157K,2.3,20.0,7.0,P00644,1STN,ProTherm
12938,231,E157Q,0.7,20.0,7.0,P00644,1STN,ProTherm
13470,231,F158A,4.0,20.0,7.0,P00644,1STN,ProTherm
13471,231,F158G,4.7,20.0,7.0,P00644,1STN,ProTherm
12819,231,D159G,2.2,20.0,7.0,P00644,1STN,ProTherm
13575,231,D159G,2.2,20.0,7.0,P00644,1STN,ProTherm
12818,231,D159A,3.1,20.0,7.0,P00644,1STN,ProTherm
13574,231,D159A,3.1,20.0,7.0,P00644,1STN,ProTherm
12939,231,D159K,3.5,20.0,7.0,P00644,1STN,ProTherm
12940,231,D159N,2.9,20.0,7.0,P00644,1STN,ProTherm
13607,231,K160C,0.4,20.0,7.0,P00644,1STN,ProTherm
13615,231,K160F,-0.1,20.0,7.0,P00644,1STN,ProTherm
12880,231,K160A,0.6,20.0,7.0,P00644,1STN,ProTherm
12881,231,K160G,1.1,20.0,7.0,P00644,1STN,ProTherm
12941,231,K160E,0.8,20.0,7.0,P00644,1STN,ProTherm
12942,231,K160Q,0.1,20.0,7.0,P00644,1STN,ProTherm
7605,231,G161S,1.3,51.4,7.0,P00644,1STN,ProTherm
7792,231,G161S,1.2,47.0,5.0,P00644,1STN,ProTherm
13297,231,G161S,2.66,20.0,7.0,P00644,1STN,ProTherm
13312,231,G161S,2.6,20.0,7.0,P00644,1STN,ProTherm
13318,231,G161S,2.9,20.0,7.0,P00644,1STN,ProTherm
13044,231,G161A,2.4,20.0,7.0,P00644,1STN,ProTherm
13588,231,G161A,2.3,20.0,7.0,P00644,1STN,ProTherm
13045,231,G161V,2.4,20.0,7.0,P00644,1STN,ProTherm
13296,231,G161D,2.28,20.0,7.0,P00644,1STN,ProTherm
13352,231,Q162F,0.7,20.0,7.0,P00644,1STN,ProTherm
13066,231,Q162G,1.4,20.0,7.0,P00644,1STN,ProTherm
13067,231,Q162A,0.1,20.0,7.0,P00644,1STN,ProTherm
12908,231,R163A,1.1,20.0,7.0,P00644,1STN,ProTherm
12909,231,R163G,2.2,20.0,7.0,P00644,1STN,ProTherm
13516,231,T164S,0.7,20.0,7.0,P00644,1STN,ProTherm
13524,231,T164V,-0.2,20.0,7.0,P00644,1STN,ProTherm
13532,231,T164C,0.1,20.0,7.0,P00644,1STN,ProTherm
12783,231,T164I,-0.5,20.0,7.0,P00644,1STN,ProTherm
13095,231,T164G,2.0,20.0,7.0,P00644,1STN,ProTherm
13096,231,T164A,0.9,20.0,7.0,P00644,1STN,ProTherm
12820,231,D165A,3.8,20.0,7.0,P00644,1STN,ProTherm
12821,231,D165G,2.7,20.0,7.0,P00644,1STN,ProTherm
13353,231,D165F,5.2,20.0,7.0,P00644,1STN,ProTherm
13354,231,K166F,0.9,20.0,7.0,P00644,1STN,ProTherm
12882,231,K166A,-0.2,20.0,7.0,P00644,1STN,ProTherm
12883,231,K166G,0.3,20.0,7.0,P00644,1STN,ProTherm
12943,231,K166E,0.0,20.0,7.0,P00644,1STN,ProTherm
12944,231,K166Q,0.1,20.0,7.0,P00644,1STN,ProTherm
13355,231,Y167F,0.2,20.0,7.0,P00644,1STN,ProTherm
13498,231,Y167F,0.0,20.0,7.0,P00644,1STN,ProTherm
13505,231,Y167L,0.1,20.0,7.0,P00644,1STN,ProTherm
13460,231,Y167A,0.4,20.0,7.0,P00644,1STN,ProTherm
13461,231,Y167G,1.0,20.0,7.0,P00644,1STN,ProTherm
13356,231,G168F,2.0,20.0,7.0,P00644,1STN,ProTherm
13046,231,G168A,0.6,20.0,7.0,P00644,1STN,ProTherm
13562,231,G168A,0.5,20.0,7.0,P00644,1STN,ProTherm
13047,231,G168V,3.7,20.0,7.0,P00644,1STN,ProTherm
12910,231,R169A,0.9,20.0,7.0,P00644,1STN,ProTherm
12911,231,R169G,2.6,20.0,7.0,P00644,1STN,ProTherm
7606,231,G170V,-0.5,51.4,7.0,P00644,1STN,ProTherm
7793,231,G170V,-0.6,47.0,5.0,P00644,1STN,ProTherm
13049,231,G170V,0.9,20.0,7.0,P00644,1STN,ProTherm
13121,231,G170V,1.0,20.0,7.0,P00644,1STN,ProTherm
13298,231,G170V,0.9,20.0,7.0,P00644,1STN,ProTherm
13313,231,G170V,1.0,20.0,7.0,P00644,1STN,ProTherm
13319,231,G170V,0.9,20.0,7.0,P00644,1STN,ProTherm
13307,231,G170W,1.22,20.0,7.0,P00644,1STN,ProTherm
13310,231,G170W,0.69,20.0,7.0,P00644,1STN,ProTherm
13048,231,G170A,0.1,20.0,7.0,P00644,1STN,ProTherm
8090,231,L171F,1.2,40.0,5.38,P00644,1STN,ProTherm
12767,231,L171I,1.1,20.0,7.0,P00644,1STN,ProTherm
12768,231,L171V,1.4,20.0,7.0,P00644,1STN,ProTherm
13415,231,L171A,2.6,20.0,7.0,P00644,1STN,ProTherm
13416,231,L171G,3.2,20.0,7.0,P00644,1STN,ProTherm
7607,231,A172S,2.5,51.4,7.0,P00644,1STN,ProTherm
7794,231,A172S,2.6,47.0,5.0,P00644,1STN,ProTherm
13304,231,A172S,1.9,20.0,7.0,P00644,1STN,ProTherm
13316,231,A172S,2.0,20.0,7.0,P00644,1STN,ProTherm
13322,231,A172S,2.1,20.0,7.0,P00644,1STN,ProTherm
13008,231,A172G,2.0,20.0,7.0,P00644,1STN,ProTherm
13009,231,A172V,0.2,20.0,7.0,P00644,1STN,ProTherm
13225,231,A172E,7.5,20.0,3.9,P00644,1STN,ProTherm
13226,231,A172E,7.1,20.0,4.9,P00644,1STN,ProTherm
13227,231,A172E,7.7,20.0,5.9,P00644,1STN,ProTherm
13228,231,A172E,8.6,20.0,8.0,P00644,1STN,ProTherm
13229,231,A172E,8.2,20.0,9.1,P00644,1STN,ProTherm
13499,231,Y173F,2.4,20.0,7.0,P00644,1STN,ProTherm
13506,231,Y173L,3.9,20.0,7.0,P00644,1STN,ProTherm
13230,231,Y173E,5.0,20.0,3.9,P00644,1STN,ProTherm
13231,231,Y173E,5.4,20.0,4.9,P00644,1STN,ProTherm
13232,231,Y173E,7.3,20.0,6.0,P00644,1STN,ProTherm
13233,231,Y173E,8.7,20.0,7.9,P00644,1STN,ProTherm
13234,231,Y173E,8.6,20.0,9.0,P00644,1STN,ProTherm
13462,231,Y173A,5.3,20.0,7.0,P00644,1STN,ProTherm
12750,231,I174L,0.6,20.0,7.0,P00644,1STN,ProTherm
12751,231,I174M,1.6,20.0,7.0,P00644,1STN,ProTherm
12752,231,I174V,0.4,20.0,7.0,P00644,1STN,ProTherm
13444,231,I174V,0.5,20.0,7.0,P00644,1STN,ProTherm
13235,231,I174E,5.6,20.0,3.9,P00644,1STN,ProTherm
13236,231,I174E,5.8,20.0,4.9,P00644,1STN,ProTherm
13237,231,I174E,6.7,20.0,6.0,P00644,1STN,ProTherm
13238,231,I174E,9.2,20.0,7.9,P00644,1STN,ProTherm
13239,231,I174E,10.1,20.0,9.0,P00644,1STN,ProTherm
13445,231,I174A,4.0,20.0,7.0,P00644,1STN,ProTherm
13500,231,Y175F,2.0,20.0,7.0,P00644,1STN,ProTherm
13507,231,Y175L,4.5,20.0,7.0,P00644,1STN,ProTherm
13010,231,A176G,2.4,20.0,7.0,P00644,1STN,ProTherm
13011,231,A176V,1.3,20.0,7.0,P00644,1STN,ProTherm
12822,231,D177A,3.3,20.0,7.0,P00644,1STN,ProTherm
13552,231,D177A,3.3,20.0,7.0,P00644,1STN,ProTherm
12823,231,D177G,2.7,20.0,7.0,P00644,1STN,ProTherm
13553,231,D177G,2.7,20.0,7.0,P00644,1STN,ProTherm
13357,231,D177F,5.3,20.0,7.0,P00644,1STN,ProTherm
13358,231,G178F,3.0,20.0,7.0,P00644,1STN,ProTherm
13050,231,G178A,1.8,20.0,7.0,P00644,1STN,ProTherm
13563,231,G178A,1.7,20.0,7.0,P00644,1STN,ProTherm
13051,231,G178V,3.7,20.0,7.0,P00644,1STN,ProTherm
12884,231,K179A,0.1,20.0,7.0,P00644,1STN,ProTherm
12885,231,K179G,1.7,20.0,7.0,P00644,1STN,ProTherm
12945,231,K179E,0.6,20.0,7.0,P00644,1STN,ProTherm
12946,231,K179Q,0.4,20.0,7.0,P00644,1STN,ProTherm
13359,231,K179F,0.7,20.0,7.0,P00644,1STN,ProTherm
12723,231,M180I,4.4,20.0,7.0,P00644,1STN,ProTherm
13455,231,M180A,4.6,20.0,7.0,P00644,1STN,ProTherm
13456,231,M180G,4.5,20.0,7.0,P00644,1STN,ProTherm
13483,231,V181T,3.3,20.0,7.0,P00644,1STN,ProTherm
12736,231,V181I,0.2,20.0,7.0,P00644,1STN,ProTherm
12737,231,V181L,0.3,20.0,7.0,P00644,1STN,ProTherm
13240,231,V181E,4.8,20.0,3.9,P00644,1STN,ProTherm
13241,231,V181E,5.5,20.0,4.9,P00644,1STN,ProTherm
13242,231,V181E,6.4,20.0,6.0,P00644,1STN,ProTherm
13243,231,V181E,8.7,20.0,7.9,P00644,1STN,ProTherm
13244,231,V181E,9.5,20.0,9.0,P00644,1STN,ProTherm
13429,231,V181A,3.2,20.0,7.0,P00644,1STN,ProTherm
13430,231,V181G,5.0,20.0,7.0,P00644,1STN,ProTherm
13492,231,V181S,5.1,20.0,7.0,P00644,1STN,ProTherm
13056,231,N182G,5.1,20.0,7.0,P00644,1STN,ProTherm
13057,231,N182A,5.2,20.0,7.0,P00644,1STN,ProTherm
13245,231,N182E,-0.1,20.0,3.9,P00644,1STN,ProTherm
13246,231,N182E,1.2,20.0,5.0,P00644,1STN,ProTherm
13247,231,N182E,2.4,20.0,6.0,P00644,1STN,ProTherm
13248,231,N182E,4.4,20.0,8.0,P00644,1STN,ProTherm
13249,231,N182E,4.5,20.0,9.0,P00644,1STN,ProTherm
13360,231,E183F,3.1,20.0,7.0,P00644,1STN,ProTherm
12842,231,E183A,1.9,20.0,7.0,P00644,1STN,ProTherm
12843,231,E183G,3.1,20.0,7.0,P00644,1STN,ProTherm
13012,231,A184G,1.3,20.0,7.0,P00644,1STN,ProTherm
13013,231,A184V,1.9,20.0,7.0,P00644,1STN,ProTherm
13361,231,A184F,1.9,20.0,7.0,P00644,1STN,ProTherm
12769,231,L185I,1.1,20.0,7.0,P00644,1STN,ProTherm
12770,231,L185V,2.0,20.0,7.0,P00644,1STN,ProTherm
13417,231,L185A,4.6,20.0,7.0,P00644,1STN,ProTherm
13250,231,L185E,3.8,20.0,3.9,P00644,1STN,ProTherm
13251,231,L185E,4.2,20.0,5.0,P00644,1STN,ProTherm
13252,231,L185E,5.1,20.0,6.0,P00644,1STN,ProTherm
13253,231,L185E,7.2,20.0,8.0,P00644,1STN,ProTherm
13254,231,L185E,8.2,20.0,9.0,P00644,1STN,ProTherm
13484,231,V186T,2.5,20.0,7.0,P00644,1STN,ProTherm
12738,231,V186I,-0.2,20.0,7.0,P00644,1STN,ProTherm
12739,231,V186L,0.8,20.0,7.0,P00644,1STN,ProTherm
13255,231,V186E,2.0,20.0,3.9,P00644,1STN,ProTherm
13256,231,V186E,2.8,20.0,4.9,P00644,1STN,ProTherm
13257,231,V186E,3.2,20.0,5.5,P00644,1STN,ProTherm
13258,231,V186E,4.1,20.0,6.0,P00644,1STN,ProTherm
13259,231,V186E,6.5,20.0,8.0,P00644,1STN,ProTherm
13260,231,V186E,7.4,20.0,9.0,P00644,1STN,ProTherm
13431,231,V186A,2.9,20.0,7.0,P00644,1STN,ProTherm
13493,231,V186S,4.9,20.0,7.0,P00644,1STN,ProTherm
13608,231,R187C,2.7,20.0,7.0,P00644,1STN,ProTherm
13362,231,R187F,3.1,20.0,7.0,P00644,1STN,ProTherm
13616,231,R187F,3.1,20.0,7.0,P00644,1STN,ProTherm
12912,231,R187A,1.4,20.0,7.0,P00644,1STN,ProTherm
12913,231,R187G,2.4,20.0,7.0,P00644,1STN,ProTherm
13068,231,Q188G,1.5,20.0,7.0,P00644,1STN,ProTherm
13069,231,Q188A,-0.1,20.0,7.0,P00644,1STN,ProTherm
13052,231,G189A,4.5,20.0,7.0,P00644,1STN,ProTherm
13560,231,G189A,4.4,20.0,7.0,P00644,1STN,ProTherm
13053,231,G189V,7.5,20.0,7.0,P00644,1STN,ProTherm
12771,231,L190I,3.4,20.0,7.0,P00644,1STN,ProTherm
12772,231,L190V,3.9,20.0,7.0,P00644,1STN,ProTherm
13014,231,A191G,1.0,20.0,7.0,P00644,1STN,ProTherm
13015,231,A191V,3.1,20.0,7.0,P00644,1STN,ProTherm
13261,231,A191E,4.4,20.0,3.9,P00644,1STN,ProTherm
13262,231,A191E,5.0,20.0,5.0,P00644,1STN,ProTherm
13263,231,A191E,5.5,20.0,6.0,P00644,1STN,ProTherm
13264,231,A191E,7.7,20.0,7.9,P00644,1STN,ProTherm
13265,231,A191E,8.1,20.0,9.1,P00644,1STN,ProTherm
12886,231,K192A,1.3,20.0,7.0,P00644,1STN,ProTherm
12887,231,K192G,2.7,20.0,7.0,P00644,1STN,ProTherm
13485,231,V193T,2.3,20.0,7.0,P00644,1STN,ProTherm
12740,231,V193I,0.7,20.0,7.0,P00644,1STN,ProTherm
12741,231,V193L,0.9,20.0,7.0,P00644,1STN,ProTherm
13432,231,V193A,4.7,20.0,7.0,P00644,1STN,ProTherm
13534,231,V193A,4.2,20.0,7.0,P00644,1STN,ProTherm
13433,231,V193G,4.9,20.0,7.0,P00644,1STN,ProTherm
13494,231,V193S,4.8,20.0,7.0,P00644,1STN,ProTherm
13363,231,A194F,1.6,20.0,7.0,P00644,1STN,ProTherm
13617,231,A194F,1.3,20.0,7.0,P00644,1STN,ProTherm
13609,231,A194C,0.8,20.0,7.0,P00644,1STN,ProTherm
13016,231,A194G,0.0,20.0,7.0,P00644,1STN,ProTherm
13017,231,A194V,1.5,20.0,7.0,P00644,1STN,ProTherm
13364,231,Y195F,0.0,20.0,7.0,P00644,1STN,ProTherm
13501,231,Y195F,0.0,20.0,7.0,P00644,1STN,ProTherm
13508,231,Y195L,-0.2,20.0,7.0,P00644,1STN,ProTherm
13463,231,Y195A,0.0,20.0,7.0,P00644,1STN,ProTherm
13548,231,Y195A,-0.1,20.0,7.0,P00644,1STN,ProTherm
13464,231,Y195G,0.3,20.0,7.0,P00644,1STN,ProTherm
13549,231,Y195G,0.2,20.0,7.0,P00644,1STN,ProTherm
13486,231,V196T,0.3,20.0,7.0,P00644,1STN,ProTherm
13495,231,V196S,0.0,20.0,7.0,P00644,1STN,ProTherm
12742,231,V196I,0.1,20.0,7.0,P00644,1STN,ProTherm
12743,231,V196L,1.1,20.0,7.0,P00644,1STN,ProTherm
13434,231,V196A,0.0,20.0,7.0,P00644,1STN,ProTherm
13435,231,V196G,0.2,20.0,7.0,P00644,1STN,ProTherm
13365,231,Y197F,0.1,20.0,7.0,P00644,1STN,ProTherm
13502,231,Y197F,0.1,20.0,7.0,P00644,1STN,ProTherm
13509,231,Y197L,0.3,20.0,7.0,P00644,1STN,ProTherm
13465,231,Y197A,0.3,20.0,7.0,P00644,1STN,ProTherm
13466,231,Y197G,0.7,20.0,7.0,P00644,1STN,ProTherm
13366,231,K198F,0.1,20.0,7.0,P00644,1STN,ProTherm
12889,231,K198G,-1.0,20.0,7.0,P00644,1STN,ProTherm
12888,231,K198A,-0.7,20.0,7.0,P00644,1STN,ProTherm
13034,231,P199G,-0.9,20.0,7.0,P00644,1STN,ProTherm
14397,231,P199G,-1.6,0.0,7.0,P00644,1STN,ProTherm
14398,231,P199T,-1.1,0.0,7.0,P00644,1STN,ProTherm
13035,231,P199A,-0.8,20.0,7.0,P00644,1STN,ProTherm
13299,231,P199L,-0.2,20.0,7.0,P00644,1STN,ProTherm
13367,231,P199F,-0.3,20.0,7.0,P00644,1STN,ProTherm
13058,231,N200G,1.9,20.0,7.0,P00644,1STN,ProTherm
13567,231,N200G,1.8,20.0,7.0,P00644,1STN,ProTherm
13059,231,N200A,2.1,20.0,7.0,P00644,1STN,ProTherm
13566,231,N200A,2.0,20.0,7.0,P00644,1STN,ProTherm
13300,231,N200D,2.4,20.0,7.0,P00644,1STN,ProTherm
13266,231,N200E,1.9,20.0,5.0,P00644,1STN,ProTherm
13267,231,N200E,1.9,20.0,9.0,P00644,1STN,ProTherm
13060,231,N201G,1.3,20.0,7.0,P00644,1STN,ProTherm
13569,231,N201G,1.2,20.0,7.0,P00644,1STN,ProTherm
13061,231,N201A,1.3,20.0,7.0,P00644,1STN,ProTherm
13568,231,N201A,1.2,20.0,7.0,P00644,1STN,ProTherm
13517,231,T202S,0.6,20.0,7.0,P00644,1STN,ProTherm
13525,231,T202V,1.8,20.0,7.0,P00644,1STN,ProTherm
13533,231,T202C,1.7,20.0,7.0,P00644,1STN,ProTherm
12784,231,T202I,1.7,20.0,7.0,P00644,1STN,ProTherm
13097,231,T202G,2.1,20.0,7.0,P00644,1STN,ProTherm
13098,231,T202A,1.2,20.0,7.0,P00644,1STN,ProTherm
12902,231,H203A,3.1,20.0,7.0,P00644,1STN,ProTherm
12903,231,H203G,4.2,20.0,7.0,P00644,1STN,ProTherm
13368,231,E204F,0.8,20.0,7.0,P00644,1STN,ProTherm
12844,231,E204A,0.4,20.0,7.0,P00644,1STN,ProTherm
12845,231,E204G,2.2,20.0,7.0,P00644,1STN,ProTherm
12947,231,E204K,2.7,20.0,7.0,P00644,1STN,ProTherm
12948,231,E204Q,1.6,20.0,7.0,P00644,1STN,ProTherm
13369,231,Q205F,0.7,20.0,7.0,P00644,1STN,ProTherm
13070,231,Q205G,0.6,20.0,7.0,P00644,1STN,ProTherm
13071,231,Q205A,0.4,20.0,7.0,P00644,1STN,ProTherm
7608,231,H206L,-1.3,51.4,7.0,P00644,1STN,ProTherm
7795,231,H206L,-1.9,47.0,5.0,P00644,1STN,ProTherm
8093,231,H206L,-0.7,40.0,5.2,P00644,1STN,ProTherm
12904,231,H206A,-0.4,20.0,7.0,P00644,1STN,ProTherm
12905,231,H206G,0.5,20.0,7.0,P00644,1STN,ProTherm
12949,231,H206E,-0.2,20.0,7.0,P00644,1STN,ProTherm
12950,231,H206Q,-0.6,20.0,7.0,P00644,1STN,ProTherm
13370,231,H206F,-0.3,20.0,7.0,P00644,1STN,ProTherm
12773,231,L207I,1.0,20.0,7.0,P00644,1STN,ProTherm
12774,231,L207V,2.3,20.0,7.0,P00644,1STN,ProTherm
13268,231,L207E,4.0,20.0,3.9,P00644,1STN,ProTherm
13269,231,L207E,4.6,20.0,5.0,P00644,1STN,ProTherm
13270,231,L207E,5.8,20.0,6.0,P00644,1STN,ProTherm
13271,231,L207E,8.2,20.0,7.9,P00644,1STN,ProTherm
13272,231,L207E,9.1,20.0,9.0,P00644,1STN,ProTherm
13418,231,L207A,4.9,20.0,7.0,P00644,1STN,ProTherm
12914,231,R208A,1.7,20.0,7.0,P00644,1STN,ProTherm
12915,231,R208G,2.9,20.0,7.0,P00644,1STN,ProTherm
13371,231,K209F,0.3,20.0,7.0,P00644,1STN,ProTherm
12890,231,K209A,-0.2,20.0,7.0,P00644,1STN,ProTherm
12891,231,K209G,0.7,20.0,7.0,P00644,1STN,ProTherm
12951,231,K209E,0.0,20.0,7.0,P00644,1STN,ProTherm
12952,231,K209Q,0.0,20.0,7.0,P00644,1STN,ProTherm
13078,231,S210A,-0.7,20.0,7.0,P00644,1STN,ProTherm
13372,231,S210F,1.0,20.0,7.0,P00644,1STN,ProTherm
13077,231,S210G,1.6,20.0,7.0,P00644,1STN,ProTherm
12846,231,E211A,2.4,20.0,7.0,P00644,1STN,ProTherm
12847,231,E211G,3.8,20.0,7.0,P00644,1STN,ProTherm
13373,231,E211F,4.0,20.0,7.0,P00644,1STN,ProTherm
13018,231,A212G,1.1,20.0,7.0,P00644,1STN,ProTherm
13019,231,A212V,1.2,20.0,7.0,P00644,1STN,ProTherm
13072,231,Q213G,2.4,20.0,7.0,P00644,1STN,ProTherm
13073,231,Q213A,0.2,20.0,7.0,P00644,1STN,ProTherm
13374,231,Q213F,0.7,20.0,7.0,P00644,1STN,ProTherm
13020,231,A214G,3.7,20.0,7.0,P00644,1STN,ProTherm
13021,231,A214V,4.8,20.0,7.0,P00644,1STN,ProTherm
13273,231,A214E,5.8,20.0,4.9,P00644,1STN,ProTherm
13274,231,A214E,6.8,20.0,6.0,P00644,1STN,ProTherm
13275,231,A214E,8.2,20.0,7.9,P00644,1STN,ProTherm
13276,231,A214E,8.5,20.0,9.0,P00644,1STN,ProTherm
12892,231,K215A,1.4,20.0,7.0,P00644,1STN,ProTherm
12893,231,K215G,3.3,20.0,7.0,P00644,1STN,ProTherm
12953,231,K215Q,0.5,20.0,7.0,P00644,1STN,ProTherm
13375,231,K215F,1.4,20.0,7.0,P00644,1STN,ProTherm
13610,231,K216C,0.7,20.0,7.0,P00644,1STN,ProTherm
13376,231,K216F,0.5,20.0,7.0,P00644,1STN,ProTherm
13618,231,K216F,0.3,20.0,7.0,P00644,1STN,ProTherm
12894,231,K216A,-0.1,20.0,7.0,P00644,1STN,ProTherm
12895,231,K216G,0.7,20.0,7.0,P00644,1STN,ProTherm
13377,231,E217F,1.2,20.0,7.0,P00644,1STN,ProTherm
12848,231,E217A,0.7,20.0,7.0,P00644,1STN,ProTherm
12849,231,E217G,1.7,20.0,7.0,P00644,1STN,ProTherm
12954,231,E217K,1.1,20.0,7.0,P00644,1STN,ProTherm
12955,231,E217Q,0.7,20.0,7.0,P00644,1STN,ProTherm
13378,231,K218F,1.2,20.0,7.0,P00644,1STN,ProTherm
12896,231,K218A,0.9,20.0,7.0,P00644,1STN,ProTherm
13550,231,K218A,0.7,20.0,7.0,P00644,1STN,ProTherm
12897,231,K218G,0.2,20.0,7.0,P00644,1STN,ProTherm
13551,231,K218G,-0.1,20.0,7.0,P00644,1STN,ProTherm
13419,231,L219A,2.3,20.0,7.0,P00644,1STN,ProTherm
12775,231,L219I,0.8,20.0,7.0,P00644,1STN,ProTherm
12776,231,L219V,1.4,20.0,7.0,P00644,1STN,ProTherm
13420,231,L219G,4.6,20.0,7.0,P00644,1STN,ProTherm
13062,231,N220G,-0.1,20.0,7.0,P00644,1STN,ProTherm
13587,231,N220G,-0.2,20.0,7.0,P00644,1STN,ProTherm
13063,231,N220A,1.1,20.0,7.0,P00644,1STN,ProTherm
13586,231,N220A,1.0,20.0,7.0,P00644,1STN,ProTherm
12753,231,I221L,0.1,20.0,7.0,P00644,1STN,ProTherm
12754,231,I221M,0.4,20.0,7.0,P00644,1STN,ProTherm
13446,231,I221V,1.5,20.0,7.0,P00644,1STN,ProTherm
13447,231,I221A,3.5,20.0,7.0,P00644,1STN,ProTherm
13448,231,I221G,4.4,20.0,7.0,P00644,1STN,ProTherm
12973,231,W222H,0.4,20.0,7.0,P00644,1STN,ProTherm
12974,231,W222F,0.6,20.0,7.0,P00644,1STN,ProTherm
12975,231,W222Y,1.1,20.0,7.0,P00644,1STN,ProTherm
12976,231,W222L,4.5,20.0,7.0,P00644,1STN,ProTherm
8097,231,S223A,0.12,40.0,7.0,P00644,1STN,ProTherm
13080,231,S223A,0.4,20.0,7.0,P00644,1STN,ProTherm
13079,231,S223G,0.9,20.0,7.0,P00644,1STN,ProTherm
12850,231,E224A,0.3,20.0,7.0,P00644,1STN,ProTherm
12851,231,E224G,0.3,20.0,7.0,P00644,1STN,ProTherm
13379,231,D225F,0.1,20.0,7.0,P00644,1STN,ProTherm
12824,231,D225A,0.1,20.0,7.0,P00644,1STN,ProTherm
12825,231,D225G,0.2,20.0,7.0,P00644,1STN,ProTherm
12956,231,D225K,0.3,20.0,7.0,P00644,1STN,ProTherm
12957,231,D225N,0.3,20.0,7.0,P00644,1STN,ProTherm
13022,231,A227G,0.4,20.0,7.0,P00644,1STN,ProTherm
13023,231,A227V,0.3,20.0,7.0,P00644,1STN,ProTherm
12826,231,D228A,0.2,20.0,7.0,P00644,1STN,ProTherm
12827,231,D228G,0.2,20.0,7.0,P00644,1STN,ProTherm
13074,231,Q231G,0.4,20.0,7.0,P00644,1STN,ProTherm
13767,281,K256A,0.39,15.0,7.0,P03069,2ZTA,ProTherm
13768,281,E259Q,0.74,15.0,7.0,P03069,2ZTA,ProTherm
13769,281,K263A,0.41,15.0,7.0,P03069,2ZTA,ProTherm
13770,281,E268Q,-0.2,15.0,7.0,P03069,2ZTA,ProTherm
13771,281,E270Q,1.83,15.0,7.0,P03069,2ZTA,ProTherm
13772,281,R273A,1.66,15.0,7.0,P03069,2ZTA,ProTherm
13773,281,K275A,0.91,15.0,7.0,P03069,2ZTA,ProTherm
13774,281,K276A,0.06,15.0,7.0,P03069,2ZTA,ProTherm
12997,211,T22G,-3.6,20.0,6.0,Q08012,2A36,ProTherm
7459,278,W68F,1.76,52.2,7.0,P33665,1CHK,ProTherm
8008,278,W68F,4.43,43.2,7.0,P33665,1CHK,ProTherm
8010,278,W68F,3.56,42.7,7.0,P33665,1CHK,ProTherm
7460,278,W141F,1.89,52.2,7.0,P33665,1CHK,ProTherm
8007,278,W141F,4.27,43.2,7.0,P33665,1CHK,ProTherm
8011,278,W141F,3.91,42.7,7.0,P33665,1CHK,ProTherm
7461,278,W267F,1.31,52.2,7.0,P33665,1CHK,ProTherm
8009,278,W267F,2.51,43.2,7.0,P33665,1CHK,ProTherm
8012,278,W267F,2.97,42.7,7.0,P33665,1CHK,ProTherm
8647,296,L87C,2.7,25.0,7.6,P02925,2DRI,ProTherm
8648,296,A213C,1.8,25.0,7.6,P02925,2DRI,ProTherm
4648,3685,K18N,3.7,,7.0,P11532,1DXX,ProTherm
4649,3685,K18N,3.7,,7.0,P11532,1DXX,ProTherm
11527,3685,K18N,3.7,25.0,7.0,P11532,1DXX,ProTherm
7676,155,D10N,0.7,50.0,3.0,P0A7Y4,2RN2,ProTherm
7798,155,D10N,-2.0,47.0,9.0,P0A7Y4,2RN2,ProTherm
7677,155,D10A,-2.4,50.0,3.0,P0A7Y4,2RN2,ProTherm
7799,155,D10A,-4.0,47.0,9.0,P0A7Y4,2RN2,ProTherm
11062,155,D10A,-3.3,25.0,5.5,P0A7Y4,2RN2,ProTherm
7678,155,D10E,-1.1,50.0,3.0,P0A7Y4,2RN2,ProTherm
7800,155,D10E,-1.0,47.0,9.0,P0A7Y4,2RN2,ProTherm
7679,155,D10S,-0.7,50.0,3.0,P0A7Y4,2RN2,ProTherm
7801,155,D10S,-2.7,47.0,9.0,P0A7Y4,2RN2,ProTherm
7680,155,D10H,-0.4,50.0,3.0,P0A7Y4,2RN2,ProTherm
7802,155,D10H,-2.4,47.0,9.0,P0A7Y4,2RN2,ProTherm
7420,155,G23A,-0.5,52.7,5.5,P0A7Y4,2RN2,ProTherm
7455,155,G23A,-0.5,52.5,5.5,P0A7Y4,2RN2,ProTherm
7619,155,G23A,-0.7,50.9,3.0,P0A7Y4,2RN2,ProTherm
7654,155,G23A,-0.7,50.1,3.0,P0A7Y4,2RN2,ProTherm
7421,155,A24V,-0.88,52.7,5.5,P0A7Y4,2RN2,ProTherm
7655,155,A24V,-0.73,50.1,3.0,P0A7Y4,2RN2,ProTherm
11063,155,R27A,2.2,25.0,5.5,P0A7Y4,2RN2,ProTherm
7427,155,R41C,-0.44,52.7,5.5,P0A7Y4,2RN2,ProTherm
7664,155,R41C,-0.12,50.1,3.0,P0A7Y4,2RN2,ProTherm
7681,155,E48Q,0.1,50.0,3.0,P0A7Y4,2RN2,ProTherm
7803,155,E48Q,-0.3,47.0,9.0,P0A7Y4,2RN2,ProTherm
7682,155,E48A,0.1,50.0,3.0,P0A7Y4,2RN2,ProTherm
7804,155,E48A,0.3,47.0,9.0,P0A7Y4,2RN2,ProTherm
7683,155,E48D,-0.2,50.0,3.0,P0A7Y4,2RN2,ProTherm
7805,155,E48D,0.2,47.0,9.0,P0A7Y4,2RN2,ProTherm
7396,155,A52I,-1.9,53.0,3.2,P0A7Y4,2RN2,ProTherm
7397,155,A52V,-1.7,53.0,3.2,P0A7Y4,2RN2,ProTherm
7656,155,A52V,-1.7,50.1,3.0,P0A7Y4,2RN2,ProTherm
7398,155,A52L,-1.3,53.0,3.2,P0A7Y4,2RN2,ProTherm
7399,155,A52C,-0.8,53.0,3.2,P0A7Y4,2RN2,ProTherm
7400,155,A52M,-0.5,53.0,3.2,P0A7Y4,2RN2,ProTherm
7401,155,A52F,-0.5,53.0,3.2,P0A7Y4,2RN2,ProTherm
7402,155,A52T,0.8,53.0,3.2,P0A7Y4,2RN2,ProTherm
7403,155,A52Q,1.2,53.0,3.2,P0A7Y4,2RN2,ProTherm
7404,155,A52E,1.5,53.0,3.2,P0A7Y4,2RN2,ProTherm
7405,155,A52P,1.6,53.0,3.2,P0A7Y4,2RN2,ProTherm
7406,155,A52S,1.8,53.0,3.2,P0A7Y4,2RN2,ProTherm
7407,155,A52N,1.8,53.0,3.2,P0A7Y4,2RN2,ProTherm
7408,155,A52D,1.9,53.0,3.2,P0A7Y4,2RN2,ProTherm
7409,155,A52Y,2.3,53.0,3.2,P0A7Y4,2RN2,ProTherm
7410,155,A52G,2.7,53.0,3.2,P0A7Y4,2RN2,ProTherm
7411,155,A52H,3.6,53.0,3.2,P0A7Y4,2RN2,ProTherm
7412,155,A52K,5.9,53.0,3.2,P0A7Y4,2RN2,ProTherm
11060,155,I53A,2.1,25.0,5.5,P0A7Y4,2RN2,ProTherm
9118,155,I53V,0.2,25.0,5.5,P0A7Y4,2RN2,ProTherm
9119,155,I53L,1.4,25.0,5.5,P0A7Y4,2RN2,ProTherm
9120,155,I53F,3.9,25.0,5.5,P0A7Y4,2RN2,ProTherm
9121,155,I53D,4.1,25.0,5.5,P0A7Y4,2RN2,ProTherm
9122,155,I53D,2.1,25.0,5.5,P0A7Y4,2RN2,ProTherm
7423,155,H62P,-1.1,52.7,5.5,P0A7Y4,2RN2,ProTherm
7456,155,H62P,-1.1,52.5,5.5,P0A7Y4,2RN2,ProTherm
7464,155,H62P,-1.1,52.0,5.5,P0A7Y4,2RN2,ProTherm
7620,155,H62P,-1.0,50.9,3.0,P0A7Y4,2RN2,ProTherm
7658,155,H62P,-1.0,50.1,3.0,P0A7Y4,2RN2,ProTherm
7732,155,H62P,-1.0,49.8,3.0,P0A7Y4,2RN2,ProTherm
10454,155,H62P,-0.74,25.0,5.5,P0A7Y4,2RN2,ProTherm
10727,155,H62A,-0.38,25.0,5.5,P0A7Y4,2RN2,ProTherm
11064,155,H62A,-0.36,25.0,5.5,P0A7Y4,2RN2,ProTherm
11068,155,H62A,-0.58,25.0,8.2,P0A7Y4,2RN2,ProTherm
7422,155,H62R,-0.36,52.7,5.5,P0A7Y4,2RN2,ProTherm
7657,155,H62R,0.03,50.1,3.0,P0A7Y4,2RN2,ProTherm
7424,155,H62D,0.17,52.7,5.5,P0A7Y4,2RN2,ProTherm
7659,155,H62D,-0.67,50.1,3.0,P0A7Y4,2RN2,ProTherm
7726,155,S68G,2.4,49.8,3.0,P0A7Y4,2RN2,ProTherm
10736,155,S68G,2.2,25.0,5.5,P0A7Y4,2RN2,ProTherm
7727,155,S68A,0.5,49.8,3.0,P0A7Y4,2RN2,ProTherm
10737,155,S68A,-0.19,25.0,5.5,P0A7Y4,2RN2,ProTherm
7728,155,S68T,0.2,49.8,3.0,P0A7Y4,2RN2,ProTherm
10738,155,S68T,-0.1,25.0,5.5,P0A7Y4,2RN2,ProTherm
7729,155,S68V,-0.6,49.8,3.0,P0A7Y4,2RN2,ProTherm
10739,155,S68V,-1.29,25.0,5.5,P0A7Y4,2RN2,ProTherm
7730,155,S68L,0.5,49.8,3.0,P0A7Y4,2RN2,ProTherm
10740,155,S68L,1.0,25.0,5.5,P0A7Y4,2RN2,ProTherm
7684,155,D70N,0.3,50.0,3.0,P0A7Y4,2RN2,ProTherm
7806,155,D70N,-1.6,47.0,9.0,P0A7Y4,2RN2,ProTherm
7685,155,D70A,0.1,50.0,3.0,P0A7Y4,2RN2,ProTherm
7807,155,D70A,-1.1,47.0,9.0,P0A7Y4,2RN2,ProTherm
7686,155,D70E,-0.5,50.0,3.0,P0A7Y4,2RN2,ProTherm
7808,155,D70E,-0.1,47.0,9.0,P0A7Y4,2RN2,ProTherm
4663,155,V74L,-1.1,,3.0,P0A7Y4,2RN2,ProTherm
4666,155,V74L,-0.9,,5.5,P0A7Y4,2RN2,ProTherm
7457,155,V74L,-0.9,52.5,5.5,P0A7Y4,2RN2,ProTherm
7467,155,V74L,-0.9,52.0,5.5,P0A7Y4,2RN2,ProTherm
7621,155,V74L,-1.1,50.9,3.0,P0A7Y4,2RN2,ProTherm
7735,155,V74L,-1.1,49.8,3.0,P0A7Y4,2RN2,ProTherm
4664,155,V74I,-0.7,,3.0,P0A7Y4,2RN2,ProTherm
4667,155,V74I,-0.6,,5.5,P0A7Y4,2RN2,ProTherm
7468,155,V74I,-0.6,52.0,5.5,P0A7Y4,2RN2,ProTherm
7736,155,V74I,-0.7,49.8,3.0,P0A7Y4,2RN2,ProTherm
4665,155,V74A,2.2,,3.0,P0A7Y4,2RN2,ProTherm
4668,155,V74A,3.4,,5.5,P0A7Y4,2RN2,ProTherm
7469,155,V74A,3.4,52.0,5.5,P0A7Y4,2RN2,ProTherm
7737,155,V74A,2.2,49.8,3.0,P0A7Y4,2RN2,ProTherm
7660,155,Q76L,-0.24,50.1,3.0,P0A7Y4,2RN2,ProTherm
7731,155,G77A,0.9,49.8,3.0,P0A7Y4,2RN2,ProTherm
7661,155,Q80L,-0.3,50.1,3.0,P0A7Y4,2RN2,ProTherm
10728,155,H83A,0.01,25.0,5.5,P0A7Y4,2RN2,ProTherm
11065,155,H83A,-0.22,25.0,5.5,P0A7Y4,2RN2,ProTherm
11069,155,H83A,0.09,25.0,8.2,P0A7Y4,2RN2,ProTherm
7716,155,K91R,-0.2,49.8,3.0,P0A7Y4,2RN2,ProTherm
7717,155,K91R,0.0,49.8,5.5,P0A7Y4,2RN2,ProTherm
7718,155,D94E,0.4,49.8,3.0,P0A7Y4,2RN2,ProTherm
7719,155,D94E,0.4,49.8,5.5,P0A7Y4,2RN2,ProTherm
7720,155,K95G,-1.7,49.8,3.0,P0A7Y4,2RN2,ProTherm
7721,155,K95G,-1.9,49.8,5.5,P0A7Y4,2RN2,ProTherm
7722,155,K95A,-0.1,49.8,3.0,P0A7Y4,2RN2,ProTherm
7723,155,K95A,-0.1,49.8,5.5,P0A7Y4,2RN2,ProTherm
7428,155,K95N,-0.88,52.7,5.5,P0A7Y4,2RN2,ProTherm
7665,155,K95N,-0.88,50.1,3.0,P0A7Y4,2RN2,ProTherm
7724,155,K95N,-0.9,49.8,3.0,P0A7Y4,2RN2,ProTherm
7725,155,K95N,-0.9,49.8,5.5,P0A7Y4,2RN2,ProTherm
11061,155,Q105G,2.2,25.0,5.5,P0A7Y4,2RN2,ProTherm
7465,155,Q113P,0.6,52.0,5.5,P0A7Y4,2RN2,ProTherm
7733,155,Q113P,0.2,49.8,3.0,P0A7Y4,2RN2,ProTherm
10729,155,H114A,2.63,25.0,5.5,P0A7Y4,2RN2,ProTherm
7425,155,K117R,-0.03,52.7,5.5,P0A7Y4,2RN2,ProTherm
7662,155,K117R,0.06,50.1,3.0,P0A7Y4,2RN2,ProTherm
7426,155,E119V,-0.74,52.7,5.5,P0A7Y4,2RN2,ProTherm
7663,155,E119V,-0.09,50.1,3.0,P0A7Y4,2RN2,ProTherm
10730,155,H124A,-0.48,25.0,5.5,P0A7Y4,2RN2,ProTherm
11066,155,H124A,-0.17,25.0,5.5,P0A7Y4,2RN2,ProTherm
11070,155,H124A,-0.05,25.0,8.2,P0A7Y4,2RN2,ProTherm
7466,155,A125T,0.0,52.0,5.5,P0A7Y4,2RN2,ProTherm
7734,155,A125T,-0.1,49.8,3.0,P0A7Y4,2RN2,ProTherm
10731,155,H127A,0.58,25.0,5.5,P0A7Y4,2RN2,ProTherm
11067,155,H127A,0.24,25.0,5.5,P0A7Y4,2RN2,ProTherm
11071,155,H127A,0.31,25.0,8.2,P0A7Y4,2RN2,ProTherm
7377,155,D134N,-0.89,53.1,5.5,P0A7Y4,2RN2,ProTherm
7687,155,D134N,0.1,50.0,3.0,P0A7Y4,2RN2,ProTherm
7689,155,D134N,0.1,50.0,3.0,P0A7Y4,2RN2,ProTherm
7809,155,D134N,-1.8,47.0,9.0,P0A7Y4,2RN2,ProTherm
7386,155,D134A,-1.51,53.1,5.5,P0A7Y4,2RN2,ProTherm
7688,155,D134A,-0.8,50.0,3.0,P0A7Y4,2RN2,ProTherm
7698,155,D134A,-0.89,50.0,3.0,P0A7Y4,2RN2,ProTherm
7810,155,D134A,-2.0,47.0,9.0,P0A7Y4,2RN2,ProTherm
7378,155,D134H,-1.94,53.1,5.5,P0A7Y4,2RN2,ProTherm
7458,155,D134H,-1.9,52.5,5.5,P0A7Y4,2RN2,ProTherm
7622,155,D134H,-0.5,50.9,3.0,P0A7Y4,2RN2,ProTherm
7690,155,D134H,-0.53,50.0,3.0,P0A7Y4,2RN2,ProTherm
7379,155,D134E,-0.86,53.1,5.5,P0A7Y4,2RN2,ProTherm
7691,155,D134E,-0.72,50.0,3.0,P0A7Y4,2RN2,ProTherm
7380,155,D134Q,-1.32,53.1,5.5,P0A7Y4,2RN2,ProTherm
7692,155,D134Q,-0.48,50.0,3.0,P0A7Y4,2RN2,ProTherm
7381,155,D134S,-1.08,53.1,5.5,P0A7Y4,2RN2,ProTherm
7693,155,D134S,-0.26,50.0,3.0,P0A7Y4,2RN2,ProTherm
7382,155,D134T,-1.08,53.1,5.5,P0A7Y4,2RN2,ProTherm
7694,155,D134T,-0.12,50.0,3.0,P0A7Y4,2RN2,ProTherm
7383,155,D134V,-1.12,53.1,5.5,P0A7Y4,2RN2,ProTherm
7695,155,D134V,-0.31,50.0,3.0,P0A7Y4,2RN2,ProTherm
7384,155,D134I,-1.27,53.1,5.5,P0A7Y4,2RN2,ProTherm
7696,155,D134I,-0.69,50.0,3.0,P0A7Y4,2RN2,ProTherm
7385,155,D134L,-1.51,53.1,5.5,P0A7Y4,2RN2,ProTherm
7697,155,D134L,-1.15,50.0,3.0,P0A7Y4,2RN2,ProTherm
7429,155,E135K,0.22,52.7,5.5,P0A7Y4,2RN2,ProTherm
7666,155,E135K,1.1,50.1,3.0,P0A7Y4,2RN2,ProTherm
8511,157,I51V,0.67,25.0,6.3,P00648,1BNI,ProTherm
8649,157,I51V,0.67,25.0,6.3,P00648,1BNI,ProTherm
9809,157,I51V,0.81,25.0,6.3,P00648,1BNI,ProTherm
8650,157,I51A,1.5,25.0,6.3,P00648,1BNI,ProTherm
8651,157,I51A,0.83,25.0,6.3,P00648,1BNI,ProTherm
9810,157,I51A,0.75,25.0,6.3,P00648,1BNI,ProTherm
8512,157,N52A,1.85,25.0,6.3,P00648,1BNI,ProTherm
8652,157,N52A,2.06,25.0,6.3,P00648,1BNI,ProTherm
9811,157,N52A,1.59,25.0,6.3,P00648,1BNI,ProTherm
8499,157,T53A,2.15,25.0,6.3,P00648,1BNI,ProTherm
9637,157,T53A,2.53,25.0,6.3,P00648,1BNI,ProTherm
9679,157,T53A,2.23,25.0,6.3,P00648,1BNI,ProTherm
9813,157,T53A,2.02,25.0,6.3,P00648,1BNI,ProTherm
8500,157,T53G,1.21,25.0,6.3,P00648,1BNI,ProTherm
9638,157,T53G,1.34,25.0,6.3,P00648,1BNI,ProTherm
9812,157,T53G,0.61,25.0,6.3,P00648,1BNI,ProTherm
9078,157,T53P,3.3,25.0,6.3,P00648,1BNI,ProTherm
9636,157,T53S,0.22,25.0,6.3,P00648,1BNI,ProTherm
9639,157,T53N,1.27,25.0,6.3,P00648,1BNI,ProTherm
9640,157,T53D,-0.11,25.0,6.3,P00648,1BNI,ProTherm
9641,157,T53Q,1.87,25.0,6.3,P00648,1BNI,ProTherm
9642,157,T53E,0.27,25.0,6.3,P00648,1BNI,ProTherm
10766,157,T53H,2.65,25.0,4.4,P00648,1BNI,ProTherm
10770,157,T53H,1.56,25.0,8.9,P00648,1BNI,ProTherm
9570,157,F54L,4.1,25.0,6.15,P00648,1BNI,ProTherm
8781,157,D55A,0.69,25.0,4.4,P00648,1BNI,ProTherm
9814,157,D55A,0.85,25.0,6.3,P00648,1BNI,ProTherm
11103,157,D55A,0.99,25.0,6.3,P00648,1BNI,ProTherm
11336,157,D55A,0.99,25.0,6.3,P00648,1BNI,ProTherm
9079,157,D55G,1.3,25.0,6.3,P00648,1BNI,ProTherm
9080,157,D55S,0.7,25.0,6.3,P00648,1BNI,ProTherm
8501,157,V57T,2.48,25.0,6.3,P00648,1BNI,ProTherm
8653,157,V57T,2.58,25.0,6.3,P00648,1BNI,ProTherm
9815,157,V57T,1.99,25.0,6.3,P00648,1BNI,ProTherm
8502,157,V57A,3.4,25.0,6.3,P00648,1BNI,ProTherm
8654,157,V57A,3.63,25.0,6.3,P00648,1BNI,ProTherm
9816,157,V57A,3.47,25.0,6.3,P00648,1BNI,ProTherm
8780,157,D59G,0.78,25.0,4.4,P00648,1BNI,ProTherm
9081,157,D59G,0.2,25.0,6.3,P00648,1BNI,ProTherm
9127,157,D59G,1.2,25.0,6.3,P00648,1BNI,ProTherm
9128,157,D59A,-1.1,25.0,6.3,P00648,1BNI,ProTherm
9817,157,D59A,0.39,25.0,6.3,P00648,1BNI,ProTherm
10725,157,D59A,-0.11,25.0,6.3,P00648,1BNI,ProTherm
11104,157,D59A,0.34,25.0,6.3,P00648,1BNI,ProTherm
11337,157,D59A,0.34,25.0,6.3,P00648,1BNI,ProTherm
9082,157,D59S,0.9,25.0,6.3,P00648,1BNI,ProTherm
9129,157,Y60G,6.4,25.0,6.3,P00648,1BNI,ProTherm
8508,157,Y60A,3.71,25.0,6.3,P00648,1BNI,ProTherm
9818,157,Y60A,3.0,25.0,6.3,P00648,1BNI,ProTherm
10301,157,Y60A,3.69,25.0,6.3,P00648,1BNI,ProTherm
11101,157,Y60A,3.71,25.0,6.3,P00648,1BNI,ProTherm
10303,157,Y60F,0.63,25.0,6.3,P00648,1BNI,ProTherm
7783,157,L61A,4.2,48.0,6.3,P00648,1BNI,ProTherm
8503,157,L61A,4.32,25.0,6.3,P00648,1BNI,ProTherm
8909,157,L61A,4.65,25.0,6.3,P00648,1BNI,ProTherm
9684,157,L61A,4.8,25.0,6.3,P00648,1BNI,ProTherm
9819,157,L61A,4.53,25.0,6.3,P00648,1BNI,ProTherm
9130,157,Q62G,1.6,25.0,6.3,P00648,1BNI,ProTherm
9131,157,Q62A,0.2,25.0,6.3,P00648,1BNI,ProTherm
9963,157,Q62I,-1.38,25.0,6.3,P00648,1BNI,ProTherm
8532,157,T63R,-0.47,25.0,6.3,P00648,1BNI,ProTherm
8772,157,T63R,-0.2,25.0,4.4,P00648,1BNI,ProTherm
9821,157,T63R,-0.74,25.0,6.3,P00648,1BNI,ProTherm
9964,157,T63R,-0.78,25.0,6.3,P00648,1BNI,ProTherm
10726,157,T63R,0.78,25.0,6.3,P00648,1BNI,ProTherm
8510,157,T63S,1.7,25.0,6.3,P00648,1BNI,ProTherm
8531,157,T63S,1.68,25.0,6.3,P00648,1BNI,ProTherm
9682,157,T63S,1.87,25.0,6.3,P00648,1BNI,ProTherm
9820,157,T63S,1.36,25.0,6.3,P00648,1BNI,ProTherm
9083,157,T63G,1.3,25.0,6.3,P00648,1BNI,ProTherm
9084,157,T63A,0.5,25.0,6.3,P00648,1BNI,ProTherm
9085,157,Y64G,4.0,25.0,6.3,P00648,1BNI,ProTherm
9132,157,Y64G,4.9,25.0,6.3,P00648,1BNI,ProTherm
8509,157,Y64A,2.43,25.0,6.3,P00648,1BNI,ProTherm
9822,157,Y64A,1.67,25.0,6.3,P00648,1BNI,ProTherm
10302,157,Y64A,2.21,25.0,6.3,P00648,1BNI,ProTherm
11102,157,Y64A,2.26,25.0,6.3,P00648,1BNI,ProTherm
9086,157,Y64S,2.0,25.0,6.3,P00648,1BNI,ProTherm
10304,157,Y64F,0.58,25.0,6.3,P00648,1BNI,ProTherm
8493,157,H65Q,1.44,25.0,6.3,P00648,1BNI,ProTherm
9681,157,H65Q,1.6,25.0,6.3,P00648,1BNI,ProTherm
9087,157,H65G,0.7,25.0,6.3,P00648,1BNI,ProTherm
10033,157,H65G,0.98,25.0,5.8,P00648,1BNI,ProTherm
10037,157,H65G,-0.51,25.0,9.0,P00648,1BNI,ProTherm
10814,157,H65G,0.89,25.0,6.3,P00648,1BNI,ProTherm
9088,157,H65A,1.9,25.0,6.3,P00648,1BNI,ProTherm
10813,157,H65A,2.15,25.0,6.3,P00648,1BNI,ProTherm
9089,157,H65S,2.1,25.0,6.3,P00648,1BNI,ProTherm
9090,157,H65N,1.8,25.0,6.3,P00648,1BNI,ProTherm
9091,157,H65D,2.2,25.0,6.3,P00648,1BNI,ProTherm
9092,157,H65K,0.9,25.0,6.3,P00648,1BNI,ProTherm
9965,157,H65K,0.92,25.0,6.3,P00648,1BNI,ProTherm
9093,157,H65R,1.0,25.0,6.3,P00648,1BNI,ProTherm
9966,157,K66R,-0.88,25.0,6.3,P00648,1BNI,ProTherm
8779,157,D69M,0.27,25.0,4.4,P00648,1BNI,ProTherm
8513,157,N70A,2.25,25.0,6.3,P00648,1BNI,ProTherm
8655,157,N70A,2.5,25.0,6.3,P00648,1BNI,ProTherm
9823,157,N70A,2.2,25.0,6.3,P00648,1BNI,ProTherm
9824,157,Y71F,-0.09,25.0,6.3,P00648,1BNI,ProTherm
8514,157,I72V,1.12,25.0,6.3,P00648,1BNI,ProTherm
8656,157,I72V,1.18,25.0,6.3,P00648,1BNI,ProTherm
9825,157,I72V,0.83,25.0,6.3,P00648,1BNI,ProTherm
9826,157,I72A,3.68,25.0,6.3,P00648,1BNI,ProTherm
8516,157,T73G,1.42,25.0,6.3,P00648,1BNI,ProTherm
8773,157,T73G,2.08,25.0,4.4,P00648,1BNI,ProTherm
9646,157,T73G,1.58,25.0,6.3,P00648,1BNI,ProTherm
9827,157,T73G,1.01,25.0,6.3,P00648,1BNI,ProTherm
8515,157,T73A,1.93,25.0,6.3,P00648,1BNI,ProTherm
9645,157,T73A,2.11,25.0,6.3,P00648,1BNI,ProTherm
9680,157,T73A,2.14,25.0,6.3,P00648,1BNI,ProTherm
9828,157,T73A,1.67,25.0,6.3,P00648,1BNI,ProTherm
9094,157,T73D,0.0,25.0,6.3,P00648,1BNI,ProTherm
9643,157,T73S,0.56,25.0,6.3,P00648,1BNI,ProTherm
9644,157,T73V,2.31,25.0,6.3,P00648,1BNI,ProTherm
9647,157,T73N,1.29,25.0,6.3,P00648,1BNI,ProTherm
9648,157,T73Q,1.72,25.0,6.3,P00648,1BNI,ProTherm
9649,157,T73E,0.05,25.0,6.3,P00648,1BNI,ProTherm
9095,157,K74G,-0.2,25.0,6.3,P00648,1BNI,ProTherm
9829,157,K74G,0.38,25.0,6.3,P00648,1BNI,ProTherm
10756,157,K74A,-0.36,25.0,6.3,P00648,1BNI,ProTherm
10815,157,K74A,-0.53,25.0,6.3,P00648,1BNI,ProTherm
9096,157,S75G,0.5,25.0,6.3,P00648,1BNI,ProTherm
9097,157,S75A,-0.6,25.0,6.3,P00648,1BNI,ProTherm
9546,157,S75E,-0.61,25.0,6.3,P00648,1BNI,ProTherm
8517,157,E76G,1.76,25.0,6.3,P00648,1BNI,ProTherm
8657,157,E76G,1.9,25.0,6.3,P00648,1BNI,ProTherm
9098,157,E76G,2.2,25.0,6.3,P00648,1BNI,ProTherm
9830,157,E76G,2.05,25.0,6.3,P00648,1BNI,ProTherm
9099,157,E76A,1.2,25.0,6.3,P00648,1BNI,ProTherm
10816,157,E76A,1.36,25.0,6.3,P00648,1BNI,ProTherm
9100,157,E76S,1.2,25.0,6.3,P00648,1BNI,ProTherm
9967,157,E76Q,0.22,25.0,6.3,P00648,1BNI,ProTherm
9101,157,Q78G,1.1,25.0,6.3,P00648,1BNI,ProTherm
9102,157,Q78S,-0.3,25.0,6.3,P00648,1BNI,ProTherm
9831,157,Q78S,-0.07,25.0,6.3,P00648,1BNI,ProTherm
9968,157,Q78S,-0.28,25.0,6.3,P00648,1BNI,ProTherm
9103,157,Q78A,0.3,25.0,6.3,P00648,1BNI,ProTherm
9832,157,Q78A,0.07,25.0,6.3,P00648,1BNI,ProTherm
9142,157,A79R,0.2,25.0,6.3,P00648,1BNI,ProTherm
9143,157,A79K,0.1,25.0,6.3,P00648,1BNI,ProTherm
9144,157,A79M,0.08,25.0,6.3,P00648,1BNI,ProTherm
9145,157,A79L,-0.08,25.0,6.3,P00648,1BNI,ProTherm
9146,157,A79S,0.16,25.0,6.3,P00648,1BNI,ProTherm
9147,157,A79Q,0.35,25.0,6.3,P00648,1BNI,ProTherm
9148,157,A79E,-0.13,25.0,6.3,P00648,1BNI,ProTherm
9149,157,A79N,0.33,25.0,6.3,P00648,1BNI,ProTherm
9150,157,A79F,0.43,25.0,6.3,P00648,1BNI,ProTherm
9151,157,A79D,0.41,25.0,6.3,P00648,1BNI,ProTherm
9152,157,A79H,0.7,25.0,6.3,P00648,1BNI,ProTherm
9153,157,A79T,0.49,25.0,6.3,P00648,1BNI,ProTherm
9154,157,A79I,0.68,25.0,6.3,P00648,1BNI,ProTherm
9155,157,A79Y,0.7,25.0,6.3,P00648,1BNI,ProTherm
9156,157,A79V,0.34,25.0,6.3,P00648,1BNI,ProTherm
9157,157,A79G,0.65,25.0,6.3,P00648,1BNI,ProTherm
10817,157,A79G,0.91,25.0,6.3,P00648,1BNI,ProTherm
9158,157,A79W,1.14,25.0,6.3,P00648,1BNI,ProTherm
9159,157,A79C,1.85,25.0,6.3,P00648,1BNI,ProTherm
9160,157,A79P,4.12,25.0,6.3,P00648,1BNI,ProTherm
8518,157,L80Q,1.3,25.0,6.3,P00648,1BNI,ProTherm
9833,157,L80Q,1.41,25.0,6.3,P00648,1BNI,ProTherm
9104,157,G81A,2.7,25.0,6.3,P00648,1BNI,ProTherm
9105,157,G81S,2.9,25.0,6.3,P00648,1BNI,ProTherm
9106,157,G81N,2.7,25.0,6.3,P00648,1BNI,ProTherm
9107,157,G81D,3.2,25.0,6.3,P00648,1BNI,ProTherm
9108,157,G81H,2.3,25.0,6.3,P00648,1BNI,ProTherm
10765,157,G81H,2.6,25.0,4.4,P00648,1BNI,ProTherm
10769,157,G81H,3.15,25.0,8.9,P00648,1BNI,ProTherm
9109,157,G81K,2.7,25.0,6.3,P00648,1BNI,ProTherm
9110,157,G81R,2.8,25.0,6.3,P00648,1BNI,ProTherm
9111,157,G81T,3.2,25.0,6.3,P00648,1BNI,ProTherm
8519,157,V83T,1.15,25.0,6.3,P00648,1BNI,ProTherm
8658,157,V83T,1.15,25.0,6.3,P00648,1BNI,ProTherm
9835,157,V83T,1.05,25.0,6.3,P00648,1BNI,ProTherm
8520,157,V83A,1.27,25.0,6.3,P00648,1BNI,ProTherm
8659,157,V83A,1.34,25.0,6.3,P00648,1BNI,ProTherm
9834,157,V83A,1.68,25.0,6.3,P00648,1BNI,ProTherm
8521,157,N88D,2.52,25.0,6.3,P00648,1BNI,ProTherm
8660,157,N88D,2.51,25.0,6.3,P00648,1BNI,ProTherm
9836,157,N88D,2.62,25.0,6.3,P00648,1BNI,ProTherm
9969,157,D91E,0.32,25.0,6.3,P00648,1BNI,ProTherm
8522,157,V92T,2.32,25.0,6.3,P00648,1BNI,ProTherm
8661,157,V92T,2.44,25.0,6.3,P00648,1BNI,ProTherm
9838,157,V92T,2.22,25.0,6.3,P00648,1BNI,ProTherm
8523,157,V92A,1.72,25.0,6.3,P00648,1BNI,ProTherm
8662,157,V92A,1.83,25.0,6.3,P00648,1BNI,ProTherm
9837,157,V92A,1.17,25.0,6.3,P00648,1BNI,ProTherm
8524,157,I98V,1.8,25.0,6.3,P00648,1BNI,ProTherm
8663,157,I98V,1.85,25.0,6.3,P00648,1BNI,ProTherm
8771,157,I98V,1.86,25.0,4.4,P00648,1BNI,ProTherm
9839,157,I98V,1.13,25.0,6.3,P00648,1BNI,ProTherm
9840,157,I98A,4.72,25.0,6.3,P00648,1BNI,ProTherm
7316,157,G99A,5.3,54.1,6.3,P00648,1BNI,ProTherm
7318,157,G99V,8.4,54.1,6.3,P00648,1BNI,ProTherm
7315,157,G100A,3.4,54.1,6.3,P00648,1BNI,ProTherm
7317,157,G100V,7.8,54.1,6.3,P00648,1BNI,ProTherm
8525,157,D101N,2.4,25.0,6.3,P00648,1BNI,ProTherm
8664,157,D101N,2.42,25.0,6.3,P00648,1BNI,ProTherm
8777,157,D101N,2.46,25.0,4.4,P00648,1BNI,ProTherm
8778,157,D101N,2.66,25.0,4.4,P00648,1BNI,ProTherm
9842,157,D101N,1.78,25.0,6.3,P00648,1BNI,ProTherm
10762,157,D101N,2.67,25.0,6.3,P00648,1BNI,ProTherm
10767,157,D101N,2.65,25.0,4.4,P00648,1BNI,ProTherm
10771,157,D101N,2.32,25.0,8.9,P00648,1BNI,ProTherm
10810,157,D101N,2.6,25.0,6.3,P00648,1BNI,ProTherm
8526,157,D101A,2.97,25.0,6.3,P00648,1BNI,ProTherm
8665,157,D101A,3.1,25.0,6.3,P00648,1BNI,ProTherm
9841,157,D101A,2.86,25.0,6.3,P00648,1BNI,ProTherm
10809,157,D101A,3.3,25.0,6.3,P00648,1BNI,ProTherm
9133,157,I102G,3.1,25.0,6.3,P00648,1BNI,ProTherm
8504,157,I102V,0.3,25.0,6.3,P00648,1BNI,ProTherm
9843,157,I102V,0.63,25.0,6.3,P00648,1BNI,ProTherm
9970,157,I102V,0.32,25.0,6.3,P00648,1BNI,ProTherm
8666,157,I102T,1.0,25.0,6.3,P00648,1BNI,ProTherm
9845,157,I102T,1.24,25.0,6.3,P00648,1BNI,ProTherm
8667,157,I102A,1.28,25.0,6.3,P00648,1BNI,ProTherm
9844,157,I102A,1.48,25.0,6.3,P00648,1BNI,ProTherm
10759,157,S104A,-0.15,25.0,6.3,P00648,1BNI,ProTherm
8398,157,N105A,1.8,30.0,6.8,P00648,1BNI,ProTherm
8494,157,N105A,2.17,25.0,6.3,P00648,1BNI,ProTherm
8668,157,N105A,2.17,25.0,6.3,P00648,1BNI,ProTherm
9846,157,N105A,2.0,25.0,6.3,P00648,1BNI,ProTherm
9847,157,N105D,-0.31,25.0,6.3,P00648,1BNI,ProTherm
10758,157,N105D,-0.4,25.0,6.3,P00648,1BNI,ProTherm
10755,157,R106A,-0.64,25.0,6.3,P00648,1BNI,ProTherm
8495,157,K109R,0.43,25.0,6.3,P00648,1BNI,ProTherm
8669,157,K109R,0.43,25.0,6.3,P00648,1BNI,ProTherm
9848,157,K109R,0.32,25.0,6.3,P00648,1BNI,ProTherm
9971,157,K109R,0.02,25.0,6.3,P00648,1BNI,ProTherm
9972,157,G112S,-0.98,25.0,6.3,P00648,1BNI,ProTherm
9973,157,K113A,-0.98,25.0,6.3,P00648,1BNI,ProTherm
8776,157,R116M,2.86,25.0,4.4,P00648,1BNI,ProTherm
10568,157,R116M,2.12,25.0,6.3,P00648,1BNI,ProTherm
10565,157,R116S,2.72,25.0,6.3,P00648,1BNI,ProTherm
10567,157,R116K,3.13,25.0,6.3,P00648,1BNI,ProTherm
9134,157,R119G,2.5,25.0,6.3,P00648,1BNI,ProTherm
9135,157,E120G,5.4,25.0,6.3,P00648,1BNI,ProTherm
10310,157,E120F,2.1,25.0,6.3,P00648,1BNI,ProTherm
10311,157,E120Q,2.7,25.0,6.3,P00648,1BNI,ProTherm
10312,157,E120W,2.2,25.0,6.3,P00648,1BNI,ProTherm
10763,157,E120A,2.3,25.0,6.3,P00648,1BNI,ProTherm
10811,157,E120A,2.5,25.0,6.3,P00648,1BNI,ProTherm
10571,157,D122N,4.8,25.0,6.3,P00648,1BNI,ProTherm
10812,157,D122N,5.0,25.0,6.3,P00648,1BNI,ProTherm
8527,157,I123V,0.82,25.0,6.3,P00648,1BNI,ProTherm
8670,157,I123V,0.88,25.0,6.3,P00648,1BNI,ProTherm
9849,157,I123V,0.98,25.0,6.3,P00648,1BNI,ProTherm
8671,157,I123A,2.04,25.0,6.3,P00648,1BNI,ProTherm
8672,157,I123A,1.16,25.0,6.3,P00648,1BNI,ProTherm
9850,157,I123A,1.66,25.0,6.3,P00648,1BNI,ProTherm
10792,157,I123T,2.69,25.0,6.3,P00648,1BNI,ProTherm
8528,157,N124A,1.66,25.0,6.3,P00648,1BNI,ProTherm
8673,157,N124A,1.88,25.0,6.3,P00648,1BNI,ProTherm
9851,157,N124A,1.45,25.0,6.3,P00648,1BNI,ProTherm
8529,157,Y125F,1.35,25.0,6.3,P00648,1BNI,ProTherm
9683,157,Y125F,1.5,25.0,6.3,P00648,1BNI,ProTherm
9852,157,Y125F,1.14,25.0,6.3,P00648,1BNI,ProTherm
9974,157,T126V,-0.18,25.0,6.3,P00648,1BNI,ProTherm
8775,157,R130Q,1.58,25.0,4.4,P00648,1BNI,ProTherm
10570,157,R130Q,2.05,25.0,6.3,P00648,1BNI,ProTherm
10569,157,R130K,4.13,25.0,6.3,P00648,1BNI,ProTherm
8530,157,N131A,2.02,25.0,6.3,P00648,1BNI,ProTherm
8674,157,N131A,2.24,25.0,6.3,P00648,1BNI,ProTherm
9853,157,N131A,1.59,25.0,6.3,P00648,1BNI,ProTherm
9975,157,S132A,-0.28,25.0,6.3,P00648,1BNI,ProTherm
7780,157,I135V,1.1,48.0,6.3,P00648,1BNI,ProTherm
8496,157,I135V,1.34,25.0,6.3,P00648,1BNI,ProTherm
8768,157,I135V,1.47,25.0,4.4,P00648,1BNI,ProTherm
8906,157,I135V,1.47,25.0,6.3,P00648,1BNI,ProTherm
9685,157,I135V,1.49,25.0,6.3,P00648,1BNI,ProTherm
9854,157,I135V,1.64,25.0,6.3,P00648,1BNI,ProTherm
7782,157,I135A,3.9,48.0,6.3,P00648,1BNI,ProTherm
8675,157,I135A,2.76,25.0,6.3,P00648,1BNI,ProTherm
8908,157,I135A,4.08,25.0,6.3,P00648,1BNI,ProTherm
9686,157,I135A,4.46,25.0,6.3,P00648,1BNI,ProTherm
9855,157,I135A,4.02,25.0,6.3,P00648,1BNI,ProTherm
9136,157,I135G,7.4,25.0,6.3,P00648,1BNI,ProTherm
9976,157,I135L,0.02,25.0,6.3,P00648,1BNI,ProTherm
9137,157,L136G,7.0,25.0,6.3,P00648,1BNI,ProTherm
8676,157,L136V,0.03,25.0,6.3,P00648,1BNI,ProTherm
9856,157,L136V,0.47,25.0,6.3,P00648,1BNI,ProTherm
9977,157,L136V,0.32,25.0,6.3,P00648,1BNI,ProTherm
8677,157,L136T,2.9,25.0,6.3,P00648,1BNI,ProTherm
8678,157,L136T,2.55,25.0,6.3,P00648,1BNI,ProTherm
9857,157,L136T,3.28,25.0,6.3,P00648,1BNI,ProTherm
8397,157,S138A,1.8,30.0,6.8,P00648,1BNI,ProTherm
8497,157,S138A,1.94,25.0,6.3,P00648,1BNI,ProTherm
8679,157,S138A,1.93,25.0,6.3,P00648,1BNI,ProTherm
8766,157,S138A,1.38,25.0,4.4,P00648,1BNI,ProTherm
8767,157,S138A,1.16,25.0,4.4,P00648,1BNI,ProTherm
9858,157,S138A,2.41,25.0,6.3,P00648,1BNI,ProTherm
8498,157,S139A,2.8,25.0,6.3,P00648,1BNI,ProTherm
8680,157,S139A,2.74,25.0,6.3,P00648,1BNI,ProTherm
8774,157,S139A,2.83,25.0,4.4,P00648,1BNI,ProTherm
9859,157,S139A,3.22,25.0,6.3,P00648,1BNI,ProTherm
10566,157,D140N,4.11,25.0,6.3,P00648,1BNI,ProTherm
10030,157,W141Y,1.27,25.0,5.8,P00648,1BNI,ProTherm
10034,157,W141Y,0.99,25.0,9.0,P00648,1BNI,ProTherm
10031,157,W141F,1.06,25.0,5.8,P00648,1BNI,ProTherm
10035,157,W141F,0.6,25.0,9.0,P00648,1BNI,ProTherm
10032,157,W141L,1.59,25.0,5.8,P00648,1BNI,ProTherm
10036,157,W141L,0.66,25.0,9.0,P00648,1BNI,ProTherm
10768,157,W141L,0.64,25.0,8.9,P00648,1BNI,ProTherm
9138,157,L142G,4.7,25.0,6.3,P00648,1BNI,ProTherm
7779,157,I143V,0.9,48.0,6.3,P00648,1BNI,ProTherm
8769,157,I143V,1.18,25.0,4.4,P00648,1BNI,ProTherm
8770,157,I143V,1.17,25.0,4.4,P00648,1BNI,ProTherm
8905,157,I143V,0.74,25.0,6.3,P00648,1BNI,ProTherm
8910,157,I143V,0.69,25.0,6.3,P00648,1BNI,ProTherm
9568,157,I143V,1.2,25.0,6.3,P00648,1BNI,ProTherm
9687,157,I143V,0.98,25.0,6.3,P00648,1BNI,ProTherm
9860,157,I143V,1.02,25.0,6.3,P00648,1BNI,ProTherm
7781,157,I143A,3.2,48.0,6.3,P00648,1BNI,ProTherm
8681,157,I143A,2.37,25.0,6.3,P00648,1BNI,ProTherm
8907,157,I143A,3.13,25.0,6.3,P00648,1BNI,ProTherm
8911,157,I143A,2.72,25.0,6.3,P00648,1BNI,ProTherm
9569,157,I143A,4.0,25.0,6.3,P00648,1BNI,ProTherm
9688,157,I143A,3.52,25.0,6.3,P00648,1BNI,ProTherm
9861,157,I143A,3.15,25.0,6.3,P00648,1BNI,ProTherm
9139,157,I143G,5.7,25.0,6.3,P00648,1BNI,ProTherm
9140,157,Y144G,6.6,25.0,6.3,P00648,1BNI,ProTherm
8505,157,T146V,2.99,25.0,6.3,P00648,1BNI,ProTherm
9862,157,T146V,2.92,25.0,6.3,P00648,1BNI,ProTherm
9141,157,T147G,2.8,25.0,6.3,P00648,1BNI,ProTherm
10757,157,H149A,0.24,25.0,6.3,P00648,1BNI,ProTherm
9863,157,Y150F,0.18,25.0,6.3,P00648,1BNI,ProTherm
10760,157,Y150F,0.0,25.0,6.3,P00648,1BNI,ProTherm
9978,157,Q151A,0.02,25.0,6.3,P00648,1BNI,ProTherm
10761,157,Q151A,0.16,25.0,6.3,P00648,1BNI,ProTherm
8506,157,T152V,2.25,25.0,6.3,P00648,1BNI,ProTherm
8682,157,T152V,2.25,25.0,6.3,P00648,1BNI,ProTherm
9864,157,T152V,2.14,25.0,6.3,P00648,1BNI,ProTherm
9979,157,K155R,-0.78,25.0,6.3,P00648,1BNI,ProTherm
8507,157,I156V,0.76,25.0,6.3,P00648,1BNI,ProTherm
8683,157,I156V,0.82,25.0,6.3,P00648,1BNI,ProTherm
9865,157,I156V,0.81,25.0,6.3,P00648,1BNI,ProTherm
8684,157,I156A,2.22,25.0,6.3,P00648,1BNI,ProTherm
8685,157,I156A,1.4,25.0,6.3,P00648,1BNI,ProTherm
9866,157,I156A,1.27,25.0,6.3,P00648,1BNI,ProTherm
9867,157,R157A,-0.07,25.0,6.3,P00648,1BNI,ProTherm
11105,157,R157A,0.46,25.0,6.3,P00648,1BNI,ProTherm
11338,157,R157A,0.46,25.0,6.3,P00648,1BNI,ProTherm
10711,70,F18L,1.0,25.0,7.0,P0A9X9,1MJC,ProTherm
10714,70,F18S,1.54,25.0,7.0,P0A9X9,1MJC,ProTherm
10710,70,F20L,0.31,25.0,7.0,P0A9X9,1MJC,ProTherm
10713,70,F20S,1.16,25.0,7.0,P0A9X9,1MJC,ProTherm
10709,70,F31L,0.66,25.0,7.0,P0A9X9,1MJC,ProTherm
10712,70,F31S,1.03,25.0,7.0,P0A9X9,1MJC,ProTherm
8791,70,Y42W,-0.2,25.0,7.0,P0A9X9,1MJC,ProTherm
8794,70,Y42W,-0.1,25.0,7.0,P0A9X9,1MJC,ProTherm
8792,70,S52W,0.2,25.0,7.0,P0A9X9,1MJC,ProTherm
8795,70,S52W,0.2,25.0,7.0,P0A9X9,1MJC,ProTherm
8793,70,T68W,-0.7,25.0,7.0,P0A9X9,1MJC,ProTherm
8796,70,T68W,-0.7,25.0,7.0,P0A9X9,1MJC,ProTherm
6610,66,Q2L,-0.55,70.0,7.0,P41016,1C9O,ProTherm
6622,66,Q2L,-0.29,70.0,7.0,P41016,1C9O,ProTherm
6647,66,Q2L,-0.55,70.0,7.0,P41016,1C9O,ProTherm
6656,66,Q2L,-0.29,70.0,7.0,P41016,1C9O,ProTherm
8797,66,Q2L,-0.41,25.0,7.0,P41016,1C9O,ProTherm
6623,66,R3E,1.0,70.0,7.0,P41016,1C9O,ProTherm
6657,66,R3E,1.0,70.0,7.0,P41016,1C9O,ProTherm
8798,66,R3E,0.84,25.0,7.0,P41016,1C9O,ProTherm
6611,66,R3L,0.93,70.0,7.0,P41016,1C9O,ProTherm
6624,66,R3L,0.22,70.0,7.0,P41016,1C9O,ProTherm
8799,66,R3L,-0.33,25.0,7.0,P41016,1C9O,ProTherm
6612,66,R3K,0.19,70.0,7.0,P41016,1C9O,ProTherm
6625,66,R3K,0.14,70.0,7.0,P41016,1C9O,ProTherm
6626,66,R3A,1.05,70.0,7.0,P41016,1C9O,ProTherm
6613,66,N11S,-0.33,70.0,7.0,P41016,1C9O,ProTherm
6627,66,N11S,-0.22,70.0,7.0,P41016,1C9O,ProTherm
6648,66,N11S,-0.33,70.0,7.0,P41016,1C9O,ProTherm
6658,66,N11S,-0.22,70.0,7.0,P41016,1C9O,ProTherm
8800,66,N11S,0.0,25.0,7.0,P41016,1C9O,ProTherm
6552,66,E12K,0.43,75.0,7.0,P41016,1C9O,ProTherm
6560,66,E12K,0.1,75.0,7.0,P41016,1C9O,ProTherm
6568,66,E12K,0.29,75.0,7.0,P41016,1C9O,ProTherm
6614,66,Y15F,0.05,70.0,7.0,P41016,1C9O,ProTherm
6628,66,Y15F,-0.07,70.0,7.0,P41016,1C9O,ProTherm
6649,66,Y15F,0.05,70.0,7.0,P41016,1C9O,ProTherm
6659,66,Y15F,-0.07,70.0,7.0,P41016,1C9O,ProTherm
8801,66,Y15F,0.1,25.0,7.0,P41016,1C9O,ProTherm
6615,66,E21A,0.29,70.0,7.0,P41016,1C9O,ProTherm
6629,66,E21A,0.29,70.0,7.0,P41016,1C9O,ProTherm
6548,66,E21K,0.26,75.0,7.0,P41016,1C9O,ProTherm
6556,66,E21K,0.43,75.0,7.0,P41016,1C9O,ProTherm
6564,66,E21K,-0.17,75.0,7.0,P41016,1C9O,ProTherm
6616,66,G23Q,0.29,70.0,7.0,P41016,1C9O,ProTherm
6630,66,G23Q,0.31,70.0,7.0,P41016,1C9O,ProTherm
6650,66,G23Q,0.29,70.0,7.0,P41016,1C9O,ProTherm
6660,66,G23Q,0.31,70.0,7.0,P41016,1C9O,ProTherm
8802,66,G23Q,0.0,25.0,7.0,P41016,1C9O,ProTherm
6617,66,S24D,-0.22,70.0,7.0,P41016,1C9O,ProTherm
6631,66,S24D,-0.19,70.0,7.0,P41016,1C9O,ProTherm
6651,66,S24D,-0.22,70.0,7.0,P41016,1C9O,ProTherm
6661,66,S24D,-0.19,70.0,7.0,P41016,1C9O,ProTherm
8803,66,S24D,-0.1,25.0,7.0,P41016,1C9O,ProTherm
6546,66,H29E,0.76,75.0,7.0,P41016,1C9O,ProTherm
6554,66,H29E,0.29,75.0,7.0,P41016,1C9O,ProTherm
6562,66,H29E,0.48,75.0,7.0,P41016,1C9O,ProTherm
6618,66,T31S,-0.17,70.0,7.0,P41016,1C9O,ProTherm
6632,66,T31S,-0.19,70.0,7.0,P41016,1C9O,ProTherm
6652,66,T31S,-0.17,70.0,7.0,P41016,1C9O,ProTherm
6662,66,T31S,-0.19,70.0,7.0,P41016,1C9O,ProTherm
8804,66,T31S,-0.05,25.0,7.0,P41016,1C9O,ProTherm
6550,66,E36K,0.19,75.0,7.0,P41016,1C9O,ProTherm
6558,66,E36K,0.98,75.0,7.0,P41016,1C9O,ProTherm
6566,66,E36K,-0.79,75.0,7.0,P41016,1C9O,ProTherm
9123,66,F38W,-0.7,25.0,7.0,P41016,1C9O,ProTherm
9124,66,F38W,0.5,25.0,7.0,P41016,1C9O,ProTherm
6619,66,E46A,0.22,70.0,7.0,P41016,1C9O,ProTherm
6633,66,E46A,0.12,70.0,7.0,P41016,1C9O,ProTherm
6653,66,E46A,0.22,70.0,7.0,P41016,1C9O,ProTherm
6663,66,E46A,0.12,70.0,7.0,P41016,1C9O,ProTherm
8805,66,E46A,-0.1,25.0,7.0,P41016,1C9O,ProTherm
6547,66,E46K,0.65,75.0,7.0,P41016,1C9O,ProTherm
6555,66,E46K,0.43,75.0,7.0,P41016,1C9O,ProTherm
6563,66,E46K,0.22,75.0,7.0,P41016,1C9O,ProTherm
6551,66,E50K,0.5,75.0,7.0,P41016,1C9O,ProTherm
6559,66,E50K,0.76,75.0,7.0,P41016,1C9O,ProTherm
6567,66,E50K,-0.26,75.0,7.0,P41016,1C9O,ProTherm
9125,66,E50W,-0.3,25.0,7.0,P41016,1C9O,ProTherm
9126,66,E50W,-0.3,25.0,7.0,P41016,1C9O,ProTherm
6620,66,Q53E,0.1,70.0,7.0,P41016,1C9O,ProTherm
6634,66,Q53E,0.0,70.0,7.0,P41016,1C9O,ProTherm
6654,66,Q53E,0.1,70.0,7.0,P41016,1C9O,ProTherm
6664,66,Q53E,0.0,70.0,7.0,P41016,1C9O,ProTherm
8806,66,Q53E,-0.02,25.0,7.0,P41016,1C9O,ProTherm
6549,66,N55K,-0.1,75.0,7.0,P41016,1C9O,ProTherm
6557,66,N55K,0.29,75.0,7.0,P41016,1C9O,ProTherm
6565,66,N55K,-0.19,75.0,7.0,P41016,1C9O,ProTherm
6545,66,R56E,-0.76,75.0,7.0,P41016,1C9O,ProTherm
6553,66,R56E,-0.53,75.0,7.0,P41016,1C9O,ProTherm
6561,66,R56E,-0.24,75.0,7.0,P41016,1C9O,ProTherm
6621,66,V64T,0.26,70.0,7.0,P41016,1C9O,ProTherm
6635,66,V64T,0.19,70.0,7.0,P41016,1C9O,ProTherm
6655,66,V64T,0.26,70.0,7.0,P41016,1C9O,ProTherm
6665,66,V64T,0.19,70.0,7.0,P41016,1C9O,ProTherm
8807,66,V64T,0.31,25.0,7.0,P41016,1C9O,ProTherm
6636,66,L66E,1.27,70.0,7.0,P41016,1C9O,ProTherm
6666,66,L66E,1.27,70.0,7.0,P41016,1C9O,ProTherm
8808,66,L66E,0.84,25.0,7.0,P41016,1C9O,ProTherm
6637,66,L66A,0.07,70.0,7.0,P41016,1C9O,ProTherm
6667,66,L66A,0.07,70.0,7.0,P41016,1C9O,ProTherm
8809,66,L66A,-0.02,25.0,7.0,P41016,1C9O,ProTherm
5331,67,M1R,-1.75,,7.0,P32081,1CSP,ProTherm
5348,67,M1R,-0.94,,7.0,P32081,1CSP,ProTherm
5365,67,M1R,-0.82,,7.0,P32081,1CSP,ProTherm
5390,67,M1R,-1.75,,7.0,P32081,1CSP,ProTherm
5395,67,M1R,-0.94,,7.0,P32081,1CSP,ProTherm
5400,67,M1R,-0.82,,7.0,P32081,1CSP,ProTherm
6672,67,M1R,-1.74,70.0,7.0,P32081,1CSP,ProTherm
5332,67,L2R,0.36,,7.0,P32081,1CSP,ProTherm
5349,67,L2R,-0.46,,7.0,P32081,1CSP,ProTherm
5366,67,L2R,0.82,,7.0,P32081,1CSP,ProTherm
5335,67,E3R,-2.66,,7.0,P32081,1CSP,ProTherm
5352,67,E3R,-1.9,,7.0,P32081,1CSP,ProTherm
5369,67,E3R,-0.77,,7.0,P32081,1CSP,ProTherm
5391,67,E3R,-2.66,,7.0,P32081,1CSP,ProTherm
5396,67,E3R,-1.9,,7.0,P32081,1CSP,ProTherm
5401,67,E3R,-0.77,,7.0,P32081,1CSP,ProTherm
6638,67,E3R,-0.76,70.0,7.0,P32081,1CSP,ProTherm
6668,67,E3R,-0.76,70.0,7.0,P32081,1CSP,ProTherm
7179,67,E3R,-2.41,55.0,7.5,P32081,1CSP,ProTherm
7180,67,E3R,-2.25,55.0,7.5,P32081,1CSP,ProTherm
7181,67,E3R,-2.1,55.0,7.5,P32081,1CSP,ProTherm
7189,67,E3R,-2.27,55.0,7.5,P32081,1CSP,ProTherm
7190,67,E3R,-2.03,55.0,7.5,P32081,1CSP,ProTherm
7191,67,E3R,-2.01,55.0,7.5,P32081,1CSP,ProTherm
7203,67,E3R,-2.08,55.0,7.5,P32081,1CSP,ProTherm
7204,67,E3R,-1.82,55.0,7.5,P32081,1CSP,ProTherm
7205,67,E3R,-1.84,55.0,7.5,P32081,1CSP,ProTherm
7218,67,E3R,-1.84,55.0,7.5,P32081,1CSP,ProTherm
7219,67,E3R,-1.6,55.0,7.5,P32081,1CSP,ProTherm
7220,67,E3R,-1.6,55.0,7.5,P32081,1CSP,ProTherm
7240,67,E3R,-1.46,55.0,7.5,P32081,1CSP,ProTherm
7241,67,E3R,-1.29,55.0,7.5,P32081,1CSP,ProTherm
7242,67,E3R,-1.2,55.0,7.5,P32081,1CSP,ProTherm
7270,67,E3R,-1.15,55.0,7.5,P32081,1CSP,ProTherm
7271,67,E3R,-1.1,55.0,7.5,P32081,1CSP,ProTherm
7272,67,E3R,-0.98,55.0,7.5,P32081,1CSP,ProTherm
8810,67,E3R,-0.88,25.0,7.0,P32081,1CSP,ProTherm
5333,67,E3L,-1.63,,7.0,P32081,1CSP,ProTherm
5350,67,E3L,-1.18,,7.0,P32081,1CSP,ProTherm
5367,67,E3L,-0.46,,7.0,P32081,1CSP,ProTherm
6639,67,E3L,-0.41,70.0,7.0,P32081,1CSP,ProTherm
5334,67,E3K,-2.76,,7.0,P32081,1CSP,ProTherm
5351,67,E3K,-2.02,,7.0,P32081,1CSP,ProTherm
5368,67,E3K,-0.74,,7.0,P32081,1CSP,ProTherm
6673,67,E3K,-2.75,70.0,7.0,P32081,1CSP,ProTherm
7182,67,E3Q,-1.39,55.0,7.5,P32081,1CSP,ProTherm
7192,67,E3Q,-1.31,55.0,7.5,P32081,1CSP,ProTherm
7206,67,E3Q,-1.2,55.0,7.5,P32081,1CSP,ProTherm
7221,67,E3Q,-1.05,55.0,7.5,P32081,1CSP,ProTherm
7243,67,E3Q,-0.88,55.0,7.5,P32081,1CSP,ProTherm
7273,67,E3Q,-0.74,55.0,7.5,P32081,1CSP,ProTherm
5336,67,E3V,-1.78,,7.0,P32081,1CSP,ProTherm
5353,67,E3V,-1.1,,7.0,P32081,1CSP,ProTherm
5370,67,E3V,-0.67,,7.0,P32081,1CSP,ProTherm
5388,67,E3V,-1.78,,7.0,P32081,1CSP,ProTherm
5393,67,E3V,-1.1,,7.0,P32081,1CSP,ProTherm
5398,67,E3V,-0.67,,7.0,P32081,1CSP,ProTherm
7274,67,K5Q,0.74,55.0,7.5,P32081,1CSP,ProTherm
7183,67,N10D,-0.26,55.0,7.5,P32081,1CSP,ProTherm
7193,67,N10D,-0.31,55.0,7.5,P32081,1CSP,ProTherm
7207,67,N10D,-0.33,55.0,7.5,P32081,1CSP,ProTherm
7222,67,N10D,-0.33,55.0,7.5,P32081,1CSP,ProTherm
7244,67,N10D,-0.55,55.0,7.5,P32081,1CSP,ProTherm
7275,67,N10D,-0.65,55.0,7.5,P32081,1CSP,ProTherm
7245,67,E12K,0.29,55.0,7.5,P32081,1CSP,ProTherm
7276,67,E12K,0.19,55.0,7.5,P32081,1CSP,ProTherm
7246,67,K13E,0.43,55.0,7.5,P32081,1CSP,ProTherm
7277,67,K13E,0.43,55.0,7.5,P32081,1CSP,ProTherm
7223,67,K13Q,0.24,55.0,7.5,P32081,1CSP,ProTherm
7247,67,K13Q,0.17,55.0,7.5,P32081,1CSP,ProTherm
7278,67,K13Q,0.07,55.0,7.5,P32081,1CSP,ProTherm
7107,67,F15A,1.67,60.0,7.0,P32081,1CSP,ProTherm
7875,67,F15A,-1.12,45.0,7.0,P32081,1CSP,ProTherm
7878,67,F15A,0.96,45.0,7.0,P32081,1CSP,ProTherm
10701,67,F15A,2.27,25.0,7.0,P32081,1CSP,ProTherm
7106,67,F17A,1.34,60.0,7.0,P32081,1CSP,ProTherm
7874,67,F17A,-0.55,45.0,7.0,P32081,1CSP,ProTherm
7877,67,F17A,0.81,45.0,7.0,P32081,1CSP,ProTherm
10700,67,F17A,1.53,25.0,7.0,P32081,1CSP,ProTherm
7279,67,E19K,0.62,55.0,7.5,P32081,1CSP,ProTherm
7224,67,E19Q,0.31,55.0,7.5,P32081,1CSP,ProTherm
7248,67,E19Q,0.31,55.0,7.5,P32081,1CSP,ProTherm
7280,67,E19Q,0.31,55.0,7.5,P32081,1CSP,ProTherm
7225,67,E21K,0.19,55.0,7.5,P32081,1CSP,ProTherm
7249,67,E21K,0.17,55.0,7.5,P32081,1CSP,ProTherm
7281,67,E21K,0.12,55.0,7.5,P32081,1CSP,ProTherm
7250,67,E21Q,0.31,55.0,7.5,P32081,1CSP,ProTherm
7282,67,E21Q,0.33,55.0,7.5,P32081,1CSP,ProTherm
7251,67,D24K,0.36,55.0,7.5,P32081,1CSP,ProTherm
7283,67,D24K,0.41,55.0,7.5,P32081,1CSP,ProTherm
7252,67,D24N,0.55,55.0,7.5,P32081,1CSP,ProTherm
7284,67,D24N,0.45,55.0,7.5,P32081,1CSP,ProTherm
7285,67,D25K,1.08,55.0,7.5,P32081,1CSP,ProTherm
7286,67,D25Q,0.41,55.0,7.5,P32081,1CSP,ProTherm
7105,67,F27A,0.69,60.0,7.0,P32081,1CSP,ProTherm
7872,67,F27A,0.89,45.0,7.0,P32081,1CSP,ProTherm
7873,67,F27A,0.12,45.0,7.0,P32081,1CSP,ProTherm
7876,67,F27A,0.88,45.0,7.0,P32081,1CSP,ProTherm
10699,67,F27A,0.76,25.0,7.0,P32081,1CSP,ProTherm
7108,67,F38A,-0.31,60.0,7.0,P32081,1CSP,ProTherm
10702,67,F38A,-0.15,25.0,7.0,P32081,1CSP,ProTherm
7226,67,K39E,0.31,55.0,7.5,P32081,1CSP,ProTherm
7253,67,K39E,0.17,55.0,7.5,P32081,1CSP,ProTherm
7287,67,K39E,0.05,55.0,7.5,P32081,1CSP,ProTherm
7194,67,K39Q,0.02,55.0,7.5,P32081,1CSP,ProTherm
7208,67,K39Q,0.1,55.0,7.5,P32081,1CSP,ProTherm
7227,67,K39Q,0.14,55.0,7.5,P32081,1CSP,ProTherm
7254,67,K39Q,0.07,55.0,7.5,P32081,1CSP,ProTherm
7288,67,K39Q,0.0,55.0,7.5,P32081,1CSP,ProTherm
7229,67,E42Q,0.14,55.0,7.5,P32081,1CSP,ProTherm
7256,67,E42Q,0.17,55.0,7.5,P32081,1CSP,ProTherm
7290,67,E42Q,0.19,55.0,7.5,P32081,1CSP,ProTherm
7195,67,E42K,-0.02,55.0,7.5,P32081,1CSP,ProTherm
7209,67,E42K,0.0,55.0,7.5,P32081,1CSP,ProTherm
7228,67,E42K,0.02,55.0,7.5,P32081,1CSP,ProTherm
7255,67,E42K,-0.12,55.0,7.5,P32081,1CSP,ProTherm
7289,67,E42K,-0.19,55.0,7.5,P32081,1CSP,ProTherm
5337,67,E43S,-0.29,,7.0,P32081,1CSP,ProTherm
5354,67,E43S,-0.19,,7.0,P32081,1CSP,ProTherm
5371,67,E43S,-0.1,,7.0,P32081,1CSP,ProTherm
5384,67,E43S,-0.1,,7.0,P32081,1CSP,ProTherm
5387,67,E43S,-0.29,,7.0,P32081,1CSP,ProTherm
5392,67,E43S,-0.19,,7.0,P32081,1CSP,ProTherm
5397,67,E43S,-0.1,,7.0,P32081,1CSP,ProTherm
6676,67,E43S,-0.29,70.0,7.0,P32081,1CSP,ProTherm
7184,67,E43K,-0.22,55.0,7.5,P32081,1CSP,ProTherm
7196,67,E43K,-0.17,55.0,7.5,P32081,1CSP,ProTherm
7210,67,E43K,-0.14,55.0,7.5,P32081,1CSP,ProTherm
7230,67,E43K,-0.17,55.0,7.5,P32081,1CSP,ProTherm
7257,67,E43K,-0.29,55.0,7.5,P32081,1CSP,ProTherm
7291,67,E43K,-0.38,55.0,7.5,P32081,1CSP,ProTherm
7197,67,E43Q,-0.05,55.0,7.5,P32081,1CSP,ProTherm
7211,67,E43Q,-0.02,55.0,7.5,P32081,1CSP,ProTherm
7231,67,E43Q,0.02,55.0,7.5,P32081,1CSP,ProTherm
7258,67,E43Q,-0.07,55.0,7.5,P32081,1CSP,ProTherm
7292,67,E43Q,-0.17,55.0,7.5,P32081,1CSP,ProTherm
5338,67,A46E,0.6,,7.0,P32081,1CSP,ProTherm
5355,67,A46E,0.62,,7.0,P32081,1CSP,ProTherm
5372,67,A46E,-0.02,,7.0,P32081,1CSP,ProTherm
6640,67,A46E,-0.02,70.0,7.0,P32081,1CSP,ProTherm
5339,67,A46K,-1.42,,7.0,P32081,1CSP,ProTherm
5356,67,A46K,-0.65,,7.0,P32081,1CSP,ProTherm
5373,67,A46K,-0.77,,7.0,P32081,1CSP,ProTherm
5385,67,A46K,-0.77,,7.0,P32081,1CSP,ProTherm
6677,67,A46K,-1.41,70.0,7.0,P32081,1CSP,ProTherm
5340,67,A46L,-0.82,,7.0,P32081,1CSP,ProTherm
5357,67,A46L,-0.26,,7.0,P32081,1CSP,ProTherm
5374,67,A46L,-0.55,,7.0,P32081,1CSP,ProTherm
5342,67,S48R,-1.58,,7.0,P32081,1CSP,ProTherm
5359,67,S48R,-0.62,,7.0,P32081,1CSP,ProTherm
5376,67,S48R,-0.96,,7.0,P32081,1CSP,ProTherm
5386,67,S48R,-0.96,,7.0,P32081,1CSP,ProTherm
6678,67,S48R,-1.58,70.0,7.0,P32081,1CSP,ProTherm
7234,67,S48E,-0.05,55.0,7.5,P32081,1CSP,ProTherm
7261,67,S48E,0.0,55.0,7.5,P32081,1CSP,ProTherm
7295,67,S48E,-0.02,55.0,7.5,P32081,1CSP,ProTherm
5341,67,S48K,-1.42,,7.0,P32081,1CSP,ProTherm
5358,67,S48K,-0.74,,7.0,P32081,1CSP,ProTherm
5375,67,S48K,-0.62,,7.0,P32081,1CSP,ProTherm
7185,67,S48K,-0.72,55.0,7.5,P32081,1CSP,ProTherm
7186,67,S48K,-0.76,55.0,7.5,P32081,1CSP,ProTherm
7198,67,S48K,-0.74,55.0,7.5,P32081,1CSP,ProTherm
7199,67,S48K,-0.81,55.0,7.5,P32081,1CSP,ProTherm
7212,67,S48K,-0.67,55.0,7.5,P32081,1CSP,ProTherm
7213,67,S48K,-0.79,55.0,7.5,P32081,1CSP,ProTherm
7232,67,S48K,-0.6,55.0,7.5,P32081,1CSP,ProTherm
7233,67,S48K,-0.65,55.0,7.5,P32081,1CSP,ProTherm
7259,67,S48K,-0.55,55.0,7.5,P32081,1CSP,ProTherm
7260,67,S48K,-0.62,55.0,7.5,P32081,1CSP,ProTherm
7293,67,S48K,-0.48,55.0,7.5,P32081,1CSP,ProTherm
7294,67,S48K,-0.69,55.0,7.5,P32081,1CSP,ProTherm
7262,67,E50K,0.45,55.0,7.5,P32081,1CSP,ProTherm
7263,67,E50K,0.07,55.0,7.5,P32081,1CSP,ProTherm
7296,67,E50K,0.41,55.0,7.5,P32081,1CSP,ProTherm
7297,67,E50K,-0.02,55.0,7.5,P32081,1CSP,ProTherm
7298,67,E50Q,0.96,55.0,7.5,P32081,1CSP,ProTherm
7187,67,E53Q,-0.17,55.0,7.5,P32081,1CSP,ProTherm
7200,67,E53Q,-0.19,55.0,7.5,P32081,1CSP,ProTherm
7214,67,E53Q,-0.14,55.0,7.5,P32081,1CSP,ProTherm
7236,67,E53Q,-0.12,55.0,7.5,P32081,1CSP,ProTherm
7265,67,E53Q,-0.29,55.0,7.5,P32081,1CSP,ProTherm
7300,67,E53Q,-0.31,55.0,7.5,P32081,1CSP,ProTherm
7235,67,E53K,0.24,55.0,7.5,P32081,1CSP,ProTherm
7264,67,E53K,0.14,55.0,7.5,P32081,1CSP,ProTherm
7299,67,E53K,0.05,55.0,7.5,P32081,1CSP,ProTherm
7188,67,N55D,-0.48,55.0,7.5,P32081,1CSP,ProTherm
7201,67,N55D,-0.5,55.0,7.5,P32081,1CSP,ProTherm
7216,67,N55D,-0.43,55.0,7.5,P32081,1CSP,ProTherm
7238,67,N55D,-0.38,55.0,7.5,P32081,1CSP,ProTherm
7267,67,N55D,-0.45,55.0,7.5,P32081,1CSP,ProTherm
7302,67,N55D,-0.53,55.0,7.5,P32081,1CSP,ProTherm
7215,67,N55K,0.12,55.0,7.5,P32081,1CSP,ProTherm
7237,67,N55K,0.1,55.0,7.5,P32081,1CSP,ProTherm
7266,67,N55K,-0.1,55.0,7.5,P32081,1CSP,ProTherm
7301,67,N55K,-0.19,55.0,7.5,P32081,1CSP,ProTherm
7202,67,R56Q,-0.38,55.0,7.5,P32081,1CSP,ProTherm
7217,67,R56Q,-0.29,55.0,7.5,P32081,1CSP,ProTherm
7239,67,R56Q,-0.24,55.0,7.5,P32081,1CSP,ProTherm
7268,67,R56Q,-0.19,55.0,7.5,P32081,1CSP,ProTherm
7303,67,R56Q,-0.17,55.0,7.5,P32081,1CSP,ProTherm
5343,67,T64R,-1.08,,7.0,P32081,1CSP,ProTherm
5360,67,T64R,-0.6,,7.0,P32081,1CSP,ProTherm
5377,67,T64R,-0.48,,7.0,P32081,1CSP,ProTherm
5344,67,K65I,-1.54,,7.0,P32081,1CSP,ProTherm
5361,67,K65I,0.0,,7.0,P32081,1CSP,ProTherm
5378,67,K65I,-1.54,,7.0,P32081,1CSP,ProTherm
5382,67,K65I,-1.54,,7.0,P32081,1CSP,ProTherm
6674,67,K65I,-1.53,70.0,7.0,P32081,1CSP,ProTherm
7304,67,K65E,0.93,55.0,7.5,P32081,1CSP,ProTherm
7269,67,K65Q,0.45,55.0,7.5,P32081,1CSP,ProTherm
7305,67,K65Q,0.29,55.0,7.5,P32081,1CSP,ProTherm
7306,67,K65Q,0.12,55.0,7.5,P32081,1CSP,ProTherm
5346,67,E66L,-2.11,,7.0,P32081,1CSP,ProTherm
5363,67,E66L,-0.67,,7.0,P32081,1CSP,ProTherm
5380,67,E66L,-1.44,,7.0,P32081,1CSP,ProTherm
5389,67,E66L,-2.11,,7.0,P32081,1CSP,ProTherm
5394,67,E66L,-0.67,,7.0,P32081,1CSP,ProTherm
5399,67,E66L,-1.44,,7.0,P32081,1CSP,ProTherm
6641,67,E66L,-1.43,70.0,7.0,P32081,1CSP,ProTherm
6669,67,E66L,-1.43,70.0,7.0,P32081,1CSP,ProTherm
8811,67,E66L,-1.34,25.0,7.0,P32081,1CSP,ProTherm
5345,67,E66K,-2.18,,7.0,P32081,1CSP,ProTherm
5362,67,E66K,-1.25,,7.0,P32081,1CSP,ProTherm
5379,67,E66K,-0.94,,7.0,P32081,1CSP,ProTherm
5383,67,E66K,-0.94,,7.0,P32081,1CSP,ProTherm
6675,67,E66K,-2.17,70.0,7.0,P32081,1CSP,ProTherm
5347,67,E66V,-1.73,,7.0,P32081,1CSP,ProTherm
5364,67,E66V,-0.6,,7.0,P32081,1CSP,ProTherm
5381,67,E66V,-1.13,,7.0,P32081,1CSP,ProTherm
8827,382,A53L,-0.81,25.0,7.0,P29768,1DIL,ProTherm
8826,382,A69V,-0.62,25.0,7.0,P29768,1DIL,ProTherm
3855,142,H51Y,-0.07,,7.4,P00711,1HFZ,ProTherm
3856,142,H51A,2.13,,7.4,P00711,1HFZ,ProTherm
3870,142,V61N,0.24,,7.4,P00711,1HFZ,ProTherm
3871,142,V61A,0.93,,7.4,P00711,1HFZ,ProTherm
3872,142,V61G,1.15,,7.4,P00711,1HFZ,ProTherm
3873,142,Q73A,0.41,,7.4,P00711,1HFZ,ProTherm
3874,142,I78W,0.93,,7.4,P00711,1HFZ,ProTherm
3875,142,Y122P,0.22,,7.4,P00711,1HFZ,ProTherm
3876,142,Y122A,2.39,,7.4,P00711,1HFZ,ProTherm
3877,142,W123Y,2.44,,7.4,P00711,1HFZ,ProTherm
3863,142,A125S,1.05,,7.4,P00711,1HFZ,ProTherm
3864,142,H126Y,0.19,,7.4,P00711,1HFZ,ProTherm
3865,142,H126A,0.79,,7.4,P00711,1HFZ,ProTherm
3866,142,H126W,1.72,,7.4,P00711,1HFZ,ProTherm
3857,142,L129H,-1.39,,7.4,P00711,1HFZ,ProTherm
3858,142,L129R,-0.43,,7.4,P00711,1HFZ,ProTherm
3859,142,L129E,0.19,,7.4,P00711,1HFZ,ProTherm
3867,142,K133N,-2.65,,7.4,P00711,1HFZ,ProTherm
3868,142,K133Q,0.6,,7.4,P00711,1HFZ,ProTherm
3869,142,K133E,0.65,,7.4,P00711,1HFZ,ProTherm
3860,142,Q136A,0.96,,7.4,P00711,1HFZ,ProTherm
3861,142,W137Y,1.17,,7.4,P00711,1HFZ,ProTherm
3862,142,W137H,0.6,,7.4,P00711,1HFZ,ProTherm
8707,418,A55V,-0.6,25.0,6.5,P01009,1QLP,ProTherm
8708,418,A55I,-0.9,25.0,6.5,P01009,1QLP,ProTherm
8709,418,A55L,-0.9,25.0,6.5,P01009,1QLP,ProTherm
8710,418,A55P,-2.5,25.0,6.5,P01009,1QLP,ProTherm
12569,418,F75C,-3.01,23.0,6.5,P01009,1QLP,ProTherm
11339,418,F75L,-2.1,25.0,6.5,P01009,1QLP,ProTherm
8711,418,V79I,0.2,25.0,6.5,P01009,1QLP,ProTherm
8712,418,V79L,0.3,25.0,6.5,P01009,1QLP,ProTherm
11340,418,T83A,-1.0,25.0,6.5,P01009,1QLP,ProTherm
11341,418,T92A,-1.0,25.0,6.5,P01009,1QLP,ProTherm
11342,418,A94G,-1.6,25.0,6.5,P01009,1QLP,ProTherm
8713,418,V169I,-0.2,25.0,6.5,P01009,1QLP,ProTherm
8714,418,V169L,0.7,25.0,6.5,P01009,1QLP,ProTherm
8715,418,V197I,-0.5,25.0,6.5,P01009,1QLP,ProTherm
8716,418,V197L,0.6,25.0,6.5,P01009,1QLP,ProTherm
8717,418,A207V,-3.8,25.0,6.5,P01009,1QLP,ProTherm
8718,418,A207I,-1.8,25.0,6.5,P01009,1QLP,ProTherm
8719,418,A207L,-1.4,25.0,6.5,P01009,1QLP,ProTherm
8720,418,A207F,-1.5,25.0,6.5,P01009,1QLP,ProTherm
8721,418,A272V,-2.3,25.0,6.5,P01009,1QLP,ProTherm
8722,418,A272I,-2.2,25.0,6.5,P01009,1QLP,ProTherm
8723,418,A272L,-1.5,25.0,6.5,P01009,1QLP,ProTherm
8730,418,A272L,0.8,25.0,6.5,P01009,1QLP,ProTherm
8724,418,A272F,-1.8,25.0,6.5,P01009,1QLP,ProTherm
8725,418,A274V,0.4,25.0,6.5,P01009,1QLP,ProTherm
8726,418,A274I,0.4,25.0,6.5,P01009,1QLP,ProTherm
8727,418,A274L,1.0,25.0,6.5,P01009,1QLP,ProTherm
8728,418,A308V,-0.8,25.0,6.5,P01009,1QLP,ProTherm
8729,418,A308I,0.0,25.0,6.5,P01009,1QLP,ProTherm
8731,418,V345I,-0.6,25.0,6.5,P01009,1QLP,ProTherm
8732,418,V345L,1.2,25.0,6.5,P01009,1QLP,ProTherm
9038,418,S354R,-2.02,25.0,7.8,P01009,1QLP,ProTherm
9043,418,S354R,-0.42,25.0,7.8,P01009,1QLP,ProTherm
9034,418,K355F,1.31,25.0,7.8,P01009,1QLP,ProTherm
9039,418,K355F,0.44,25.0,7.8,P01009,1QLP,ProTherm
9035,418,K355I,0.77,25.0,7.8,P01009,1QLP,ProTherm
9040,418,K355I,0.07,25.0,7.8,P01009,1QLP,ProTherm
9036,418,K355V,0.65,25.0,7.8,P01009,1QLP,ProTherm
9041,418,K355V,0.24,25.0,7.8,P01009,1QLP,ProTherm
9037,418,K355T,-0.43,25.0,7.8,P01009,1QLP,ProTherm
9042,418,K355T,-0.11,25.0,7.8,P01009,1QLP,ProTherm
8733,418,V388I,-0.4,25.0,6.5,P01009,1QLP,ProTherm
8734,418,V388L,0.3,25.0,6.5,P01009,1QLP,ProTherm
11343,418,M398I,-2.3,25.0,6.5,P01009,1QLP,ProTherm
11344,418,S405A,-1.0,25.0,6.5,P01009,1QLP,ProTherm
11345,418,K411R,-1.0,25.0,6.5,P01009,1QLP,ProTherm
6740,129,H21G,0.48,66.4,4.5,P81708,1EL1,ProTherm
6741,129,I56L,0.24,66.4,4.5,P81708,1EL1,ProTherm
6742,129,A93S,0.26,66.4,4.5,P81708,1EL1,ProTherm
6739,129,V109K,0.43,66.4,4.5,P81708,1EL1,ProTherm
6682,63,D30G,-2.0,69.0,7.0,P03051,1ROP,ProTherm
6683,63,D30Q,-1.8,69.0,7.0,P03051,1ROP,ProTherm
6684,63,D30E,-1.0,69.0,7.0,P03051,1ROP,ProTherm
6685,63,D30S,-1.0,69.0,7.0,P03051,1ROP,ProTherm
6686,63,D30K,-0.9,69.0,7.0,P03051,1ROP,ProTherm
6687,63,D30H,-0.9,69.0,7.0,P03051,1ROP,ProTherm
6688,63,D30C,-0.8,69.0,7.0,P03051,1ROP,ProTherm
6689,63,D30R,-0.8,69.0,7.0,P03051,1ROP,ProTherm
6690,63,D30N,-0.8,69.0,7.0,P03051,1ROP,ProTherm
6691,63,D30M,-0.6,69.0,7.0,P03051,1ROP,ProTherm
6692,63,D30A,-0.3,69.0,7.0,P03051,1ROP,ProTherm
6693,63,D30Y,-0.2,69.0,7.0,P03051,1ROP,ProTherm
6694,63,D30L,0.1,69.0,7.0,P03051,1ROP,ProTherm
6695,63,D30F,0.1,69.0,7.0,P03051,1ROP,ProTherm
6696,63,D30T,0.4,69.0,7.0,P03051,1ROP,ProTherm
6697,63,D30V,0.4,69.0,7.0,P03051,1ROP,ProTherm
6698,63,D30W,0.4,69.0,7.0,P03051,1ROP,ProTherm
6699,63,D30I,0.8,69.0,7.0,P03051,1ROP,ProTherm
6700,63,D30P,1.6,69.0,7.0,P03051,1ROP,ProTherm
8789,63,L41V,2.53,25.0,6.0,P03051,1ROP,ProTherm
8790,63,L41A,6.12,25.0,6.0,P03051,1ROP,ProTherm
7596,237,K5Q,-0.43,51.5,8.0,P03034,3BDN,ProTherm
7600,237,Y23H,2.25,51.5,8.0,P03034,3BDN,ProTherm
7597,237,Q34Y,-1.32,51.5,8.0,P03034,3BDN,ProTherm
9796,237,V37I,-1.0,25.0,7.0,P03034,3BDN,ProTherm
14187,237,V37I,-0.6,5.0,7.0,P03034,3BDN,ProTherm
9797,237,M41A,2.0,25.0,7.0,P03034,3BDN,ProTherm
14188,237,M41A,2.1,5.0,7.0,P03034,3BDN,ProTherm
7598,237,Q45Y,0.02,51.5,8.0,P03034,3BDN,ProTherm
7343,237,G47A,-0.66,53.4,8.0,P03034,3BDN,ProTherm
7345,237,G49S,-0.68,53.4,8.0,P03034,3BDN,ProTherm
7346,237,G49N,-0.79,53.4,8.0,P03034,3BDN,ProTherm
7344,237,G49A,-0.87,53.4,8.0,P03034,3BDN,ProTherm
7599,237,A50V,1.22,51.5,8.0,P03034,3BDN,ProTherm
7601,237,A67T,2.99,51.5,8.0,P03034,3BDN,ProTherm
13329,237,P79A,1.6,20.0,6.6,P03034,3BDN,ProTherm
7602,237,I85S,2.25,51.5,8.0,P03034,3BDN,ProTherm
7109,237,Y89C,-2.4,60.0,8.0,P03034,3BDN,ProTherm
9468,84,K22A,1.04,25.0,6.25,P01053,2CI2,ProTherm
9469,84,K22M,0.73,25.0,6.25,P01053,2CI2,ProTherm
7830,84,T23A,0.85,46.6,6.3,P01053,2CI2,ProTherm
9435,84,T23A,0.85,25.0,6.3,P01053,2CI2,ProTherm
9434,84,T23V,0.32,25.0,6.3,P01053,2CI2,ProTherm
9436,84,T23G,1.16,25.0,6.3,P01053,2CI2,ProTherm
9470,84,P26A,-3.4,25.0,6.25,P01053,2CI2,ProTherm
9471,84,E27A,1.03,25.0,6.25,P01053,2CI2,ProTherm
9472,84,E27Q,0.57,25.0,6.25,P01053,2CI2,ProTherm
7822,84,L28A,2.68,46.6,6.3,P01053,2CI2,ProTherm
8869,84,L28A,2.66,25.0,3.0,P01053,2CI2,ProTherm
8881,84,L28A,1.91,25.0,6.3,P01053,2CI2,ProTherm
9473,84,K31A,1.2,25.0,6.25,P01053,2CI2,ProTherm
7816,84,S32A,0.89,46.6,6.3,P01053,2CI2,ProTherm
9475,84,S32A,1.02,25.0,6.25,P01053,2CI2,ProTherm
11395,84,S32A,-1.0,25.0,3.0,P01053,2CI2,ProTherm
9474,84,S32G,0.06,25.0,6.25,P01053,2CI2,ProTherm
11394,84,S32G,-0.84,25.0,3.5,P01053,2CI2,ProTherm
7817,84,E34N,0.7,46.6,6.3,P01053,2CI2,ProTherm
9478,84,E34N,0.28,25.0,6.25,P01053,2CI2,ProTherm
9476,84,E34Q,0.4,25.0,6.25,P01053,2CI2,ProTherm
9477,84,E34D,0.77,25.0,6.25,P01053,2CI2,ProTherm
9479,84,E35Q,0.68,25.0,6.25,P01053,2CI2,ProTherm
9480,84,E35D,-0.36,25.0,6.25,P01053,2CI2,ProTherm
9481,84,E35N,0.08,25.0,6.25,P01053,2CI2,ProTherm
9482,84,A36G,1.41,25.0,6.25,P01053,2CI2,ProTherm
7818,84,K37A,0.49,46.6,6.3,P01053,2CI2,ProTherm
9483,84,K37A,1.13,25.0,6.25,P01053,2CI2,ProTherm
9484,84,K37G,2.01,25.0,6.25,P01053,2CI2,ProTherm
7819,84,K38A,-0.23,46.6,6.3,P01053,2CI2,ProTherm
9485,84,K38A,0.99,25.0,6.25,P01053,2CI2,ProTherm
7820,84,K38G,0.97,46.6,6.3,P01053,2CI2,ProTherm
9486,84,K38G,1.58,25.0,6.25,P01053,2CI2,ProTherm
7823,84,V39A,0.48,46.6,6.3,P01053,2CI2,ProTherm
8870,84,V39A,0.46,25.0,3.0,P01053,2CI2,ProTherm
8882,84,V39A,0.0,25.0,6.3,P01053,2CI2,ProTherm
9487,84,V39A,0.06,25.0,6.25,P01053,2CI2,ProTherm
7824,84,I40V,1.3,46.6,6.3,P01053,2CI2,ProTherm
8403,84,I40V,1.17,30.0,7.0,P01053,2CI2,ProTherm
8871,84,I40V,1.2,25.0,3.0,P01053,2CI2,ProTherm
8872,84,I40V,1.16,25.0,3.5,P01053,2CI2,ProTherm
8883,84,I40V,0.91,25.0,6.3,P01053,2CI2,ProTherm
9488,84,I40V,0.97,25.0,6.25,P01053,2CI2,ProTherm
8404,84,I40L,1.96,30.0,7.0,P01053,2CI2,ProTherm
9489,84,L41A,1.21,25.0,6.25,P01053,2CI2,ProTherm
9490,84,L41G,2.09,25.0,6.25,P01053,2CI2,ProTherm
9491,84,Q42A,0.54,25.0,6.25,P01053,2CI2,ProTherm
9492,84,Q42G,0.92,25.0,6.25,P01053,2CI2,ProTherm
9493,84,D43A,1.05,25.0,6.25,P01053,2CI2,ProTherm
7821,84,K44A,0.65,46.6,6.3,P01053,2CI2,ProTherm
9494,84,K44A,1.85,25.0,6.25,P01053,2CI2,ProTherm
9495,84,K44G,3.49,25.0,6.25,P01053,2CI2,ProTherm
9496,84,P45A,1.22,25.0,6.25,P01053,2CI2,ProTherm
9497,84,E46A,0.78,25.0,6.25,P01053,2CI2,ProTherm
7825,84,I49V,1.11,46.6,6.3,P01053,2CI2,ProTherm
8873,84,I49V,0.92,25.0,3.5,P01053,2CI2,ProTherm
8884,84,I49V,0.75,25.0,6.3,P01053,2CI2,ProTherm
8874,84,I49A,3.89,25.0,3.5,P01053,2CI2,ProTherm
8885,84,I49A,3.4,25.0,6.3,P01053,2CI2,ProTherm
7827,84,I50V,-0.08,46.6,6.3,P01053,2CI2,ProTherm
9437,84,I50V,-0.08,25.0,6.3,P01053,2CI2,ProTherm
7826,84,I50A,2.12,46.6,6.3,P01053,2CI2,ProTherm
9438,84,I50A,2.12,25.0,6.3,P01053,2CI2,ProTherm
9439,84,I50G,3.52,25.0,6.3,P01053,2CI2,ProTherm
9440,84,I50T,1.34,25.0,6.3,P01053,2CI2,ProTherm
7833,84,L52A,2.37,46.6,6.3,P01053,2CI2,ProTherm
9498,84,L52A,1.74,25.0,6.25,P01053,2CI2,ProTherm
7834,84,L52V,0.5,46.6,6.3,P01053,2CI2,ProTherm
9500,84,L52V,1.02,25.0,6.25,P01053,2CI2,ProTherm
9499,84,L52I,1.01,25.0,6.25,P01053,2CI2,ProTherm
9501,84,P53A,0.58,25.0,6.25,P01053,2CI2,ProTherm
7831,84,V54A,0.63,46.6,6.3,P01053,2CI2,ProTherm
9442,84,V54A,0.64,25.0,6.3,P01053,2CI2,ProTherm
7832,84,V54T,1.03,46.6,6.3,P01053,2CI2,ProTherm
9441,84,V54T,1.03,25.0,6.3,P01053,2CI2,ProTherm
9443,84,V54G,2.43,25.0,6.3,P01053,2CI2,ProTherm
9502,84,T56S,0.98,25.0,6.25,P01053,2CI2,ProTherm
9503,84,T56V,1.57,25.0,6.25,P01053,2CI2,ProTherm
9504,84,T56A,1.42,25.0,6.25,P01053,2CI2,ProTherm
9505,84,I57A,1.28,25.0,6.25,P01053,2CI2,ProTherm
9506,84,V58A,0.67,25.0,6.25,P01053,2CI2,ProTherm
9427,84,T59D,0.04,25.0,6.3,P01053,2CI2,ProTherm
9428,84,T59A,0.68,25.0,6.3,P01053,2CI2,ProTherm
9429,84,E61A,1.06,25.0,6.3,P01053,2CI2,ProTherm
9507,84,E61A,1.12,25.0,6.25,P01053,2CI2,ProTherm
9508,84,R63A,1.02,25.0,6.25,P01053,2CI2,ProTherm
9509,84,D65A,1.02,25.0,6.25,P01053,2CI2,ProTherm
8875,84,V67A,4.91,25.0,3.5,P01053,2CI2,ProTherm
8886,84,V67A,4.97,25.0,6.3,P01053,2CI2,ProTherm
7715,84,R68A,1.4,50.0,4.2,P01053,2CI2,ProTherm
8405,84,R68A,1.21,30.0,7.0,P01053,2CI2,ProTherm
8876,84,L69A,3.74,25.0,3.5,P01053,2CI2,ProTherm
8887,84,L69A,3.56,25.0,6.3,P01053,2CI2,ProTherm
7835,84,F70L,2.11,46.6,6.3,P01053,2CI2,ProTherm
9510,84,F70L,1.92,25.0,6.25,P01053,2CI2,ProTherm
9511,84,F70V,1.41,25.0,6.25,P01053,2CI2,ProTherm
9512,84,F70A,3.21,25.0,6.25,P01053,2CI2,ProTherm
7828,84,V71A,1.95,46.6,6.3,P01053,2CI2,ProTherm
8877,84,V71A,2.17,25.0,3.0,P01053,2CI2,ProTherm
8888,84,V71A,1.13,25.0,6.3,P01053,2CI2,ProTherm
9513,84,D72A,3.14,25.0,6.25,P01053,2CI2,ProTherm
9514,84,K73N,1.21,25.0,6.25,P01053,2CI2,ProTherm
9515,84,N76D,1.51,25.0,6.25,P01053,2CI2,ProTherm
9516,84,N76A,1.22,25.0,6.25,P01053,2CI2,ProTherm
7829,84,I77V,-0.19,46.6,6.3,P01053,2CI2,ProTherm
8878,84,I77V,-0.09,25.0,3.0,P01053,2CI2,ProTherm
8889,84,I77V,0.08,25.0,6.3,P01053,2CI2,ProTherm
8879,84,I77A,4.23,25.0,3.0,P01053,2CI2,ProTherm
8880,84,I77A,4.34,25.0,3.5,P01053,2CI2,ProTherm
8890,84,I77A,4.09,25.0,6.3,P01053,2CI2,ProTherm
9444,84,A78G,1.88,25.0,6.3,P01053,2CI2,ProTherm
9445,84,V80T,0.38,25.0,6.3,P01053,2CI2,ProTherm
9446,84,V80A,1.51,25.0,6.3,P01053,2CI2,ProTherm
9447,84,V80G,3.24,25.0,6.3,P01053,2CI2,ProTherm
9517,84,P81A,3.5,25.0,6.25,P01053,2CI2,ProTherm
9448,84,V83T,1.15,25.0,6.3,P01053,2CI2,ProTherm
9449,84,V83A,1.45,25.0,6.3,P01053,2CI2,ProTherm
9450,84,V83G,3.5,25.0,6.3,P01053,2CI2,ProTherm
7165,150,P119A,2.7,56.2,4.2,P61823,1RTB,ProTherm
7166,150,P119S,2.1,56.2,4.2,P61823,1RTB,ProTherm
7167,150,P140A,3.2,56.2,4.2,P61823,1RTB,ProTherm
7168,150,P140G,2.8,56.2,4.2,P61823,1RTB,ProTherm
6493,144,V44F,5.69,82.21,7.0,P01006,3SSI,ProTherm
6497,144,V44F,5.33,82.21,9.5,P01006,3SSI,ProTherm
6494,144,V44I,0.84,82.21,7.0,P01006,3SSI,ProTherm
6498,144,V44I,0.94,82.21,9.5,P01006,3SSI,ProTherm
6495,144,V44L,2.21,82.21,7.0,P01006,3SSI,ProTherm
6499,144,V44L,2.52,82.21,9.5,P01006,3SSI,ProTherm
6496,144,V44M,5.92,82.21,7.0,P01006,3SSI,ProTherm
6500,144,V44M,5.43,82.21,9.5,P01006,3SSI,ProTherm
7353,144,M104K,-1.27,53.36,3.2,P01006,3SSI,ProTherm
7361,144,M104K,-0.35,53.36,7.0,P01006,3SSI,ProTherm
7369,144,M104K,-0.05,53.36,9.5,P01006,3SSI,ProTherm
7354,144,M104D,-1.08,53.36,3.2,P01006,3SSI,ProTherm
7362,144,M104D,-1.6,53.36,7.0,P01006,3SSI,ProTherm
7370,144,M104D,-1.25,53.36,9.5,P01006,3SSI,ProTherm
7355,144,M104E,-0.35,53.36,3.2,P01006,3SSI,ProTherm
7363,144,M104E,-1.05,53.36,7.0,P01006,3SSI,ProTherm
7371,144,M104E,-0.56,53.36,9.5,P01006,3SSI,ProTherm
7356,144,M104G,0.21,53.36,3.2,P01006,3SSI,ProTherm
7364,144,M104G,0.06,53.36,7.0,P01006,3SSI,ProTherm
7372,144,M104G,0.49,53.36,9.5,P01006,3SSI,ProTherm
7357,144,M104A,-0.54,53.36,3.2,P01006,3SSI,ProTherm
7365,144,M104A,-0.55,53.36,7.0,P01006,3SSI,ProTherm
7373,144,M104A,-0.13,53.36,9.5,P01006,3SSI,ProTherm
7358,144,M104V,0.46,53.36,3.2,P01006,3SSI,ProTherm
7366,144,M104V,0.66,53.36,7.0,P01006,3SSI,ProTherm
7374,144,M104V,0.95,53.36,9.5,P01006,3SSI,ProTherm
7359,144,M104L,0.13,53.36,3.2,P01006,3SSI,ProTherm
7367,144,M104L,0.25,53.36,7.0,P01006,3SSI,ProTherm
7375,144,M104L,0.55,53.36,9.5,P01006,3SSI,ProTherm
7360,144,M104I,0.73,53.36,3.2,P01006,3SSI,ProTherm
7368,144,M104I,0.94,53.36,7.0,P01006,3SSI,ProTherm
7376,144,M104I,1.28,53.36,9.5,P01006,3SSI,ProTherm
6489,144,M134A,2.32,82.21,7.0,P01006,3SSI,ProTherm
6519,144,M134A,2.8,80.7,9.5,P01006,3SSI,ProTherm
7349,144,M134A,1.35,53.36,3.2,P01006,3SSI,ProTherm
6490,144,M134V,1.84,82.21,7.0,P01006,3SSI,ProTherm
6520,144,M134V,2.22,80.7,9.5,P01006,3SSI,ProTherm
7350,144,M134V,1.35,53.36,3.2,P01006,3SSI,ProTherm
6491,144,M134I,1.89,82.21,7.0,P01006,3SSI,ProTherm
6521,144,M134I,2.29,80.7,9.5,P01006,3SSI,ProTherm
7351,144,M134I,2.01,53.36,3.2,P01006,3SSI,ProTherm
6492,144,M134L,-0.15,82.21,7.0,P01006,3SSI,ProTherm
6522,144,M134L,0.29,80.7,9.5,P01006,3SSI,ProTherm
7352,144,M134L,-0.77,53.36,3.2,P01006,3SSI,ProTherm
7775,96,V2T,0.9,48.4,7.0,P05798,1RGG,ProTherm
4589,96,S3A,0.3,,7.0,P05798,1RGG,ProTherm
7771,96,T5V,0.0,48.4,7.0,P05798,1RGG,ProTherm
5258,96,L8A,1.34,,7.0,P05798,1RGG,ProTherm
4590,96,S9A,1.3,,7.0,P05798,1RGG,ProTherm
5259,96,L11A,3.08,,7.0,P05798,1RGG,ProTherm
7772,96,T16V,-0.3,48.4,7.0,P05798,1RGG,ProTherm
11149,96,D17K,1.1,25.0,7.0,P05798,1RGG,ProTherm
7767,96,T18V,1.4,48.4,7.0,P05798,1RGG,ProTherm
5260,96,L19A,3.65,,7.0,P05798,1RGG,ProTherm
4587,96,N20A,0.0,,7.0,P05798,1RGG,ProTherm
5261,96,L21A,0.41,,7.0,P05798,1RGG,ProTherm
5262,96,I22V,1.48,,7.0,P05798,1RGG,ProTherm
4591,96,S24A,0.2,,7.0,P05798,1RGG,ProTherm
7787,96,D25K,0.9,47.2,7.0,P05798,1RGG,ProTherm
11150,96,D25H,-0.9,25.0,7.0,P05798,1RGG,ProTherm
8691,96,Y30F,-0.4,25.0,7.0,P05798,1RGG,ProTherm
4592,96,S31A,-0.4,,7.0,P05798,1RGG,ProTherm
7443,96,D33A,6.2,52.6,7.0,P05798,1RGG,ProTherm
7454,96,D33A,6.0,52.6,7.0,P05798,1RGG,ProTherm
7776,96,V36T,1.3,48.4,7.0,P05798,1RGG,ProTherm
7169,96,Q38A,-0.4,55.6,5.5,P05798,1RGG,ProTherm
7753,96,Q38A,-1.0,49.0,7.0,P05798,1RGG,ProTherm
7764,96,N39D,1.5,48.4,7.0,P05798,1RGG,ProTherm
7765,96,N39S,2.3,48.4,7.0,P05798,1RGG,ProTherm
4588,96,N39A,2.0,,7.0,P05798,1RGG,ProTherm
7766,96,N39A,2.2,48.4,7.0,P05798,1RGG,ProTherm
10515,96,R40E,-0.3,25.0,3.0,P05798,1RGG,ProTherm
10516,96,R40E,0.4,25.0,7.0,P05798,1RGG,ProTherm
7170,96,E41K,1.5,55.6,5.5,P05798,1RGG,ProTherm
7754,96,E41K,0.7,49.0,7.0,P05798,1RGG,ProTherm
11151,96,E41K,1.2,25.0,7.0,P05798,1RGG,ProTherm
4593,96,S42A,-0.1,,7.0,P05798,1RGG,ProTherm
7777,96,V43T,0.5,48.4,7.0,P05798,1RGG,ProTherm
4594,96,S48A,-0.5,,7.0,P05798,1RGG,ProTherm
8692,96,Y49F,0.2,25.0,7.0,P05798,1RGG,ProTherm
8693,96,Y51F,2.3,25.0,7.0,P05798,1RGG,ProTherm
8694,96,Y52F,3.6,25.0,7.0,P05798,1RGG,ProTherm
7171,96,E54Q,2.3,55.6,5.5,P05798,1RGG,ProTherm
7755,96,E54Q,1.7,49.0,7.0,P05798,1RGG,ProTherm
8695,96,Y55F,0.6,25.0,7.0,P05798,1RGG,ProTherm
7768,96,T56V,1.9,48.4,7.0,P05798,1RGG,ProTherm
7778,96,V57T,4.4,48.4,7.0,P05798,1RGG,ProTherm
5263,96,I58V,0.0,,7.0,P05798,1RGG,ProTherm
7773,96,T59V,1.7,48.4,7.0,P05798,1RGG,ProTherm
7172,96,R65A,1.3,55.6,5.5,P05798,1RGG,ProTherm
7756,96,R65A,1.0,49.0,7.0,P05798,1RGG,ProTherm
7769,96,T67V,0.0,48.4,7.0,P05798,1RGG,ProTherm
5264,96,I70V,0.94,,7.0,P05798,1RGG,ProTherm
5265,96,I71V,0.13,,7.0,P05798,1RGG,ProTherm
7774,96,T72V,0.2,48.4,7.0,P05798,1RGG,ProTherm
7173,96,E74K,-0.1,55.6,5.5,P05798,1RGG,ProTherm
7757,96,E74K,-0.9,49.0,7.0,P05798,1RGG,ProTherm
7788,96,E74K,1.1,47.2,7.0,P05798,1RGG,ProTherm
11152,96,E74K,-1.1,25.0,7.0,P05798,1RGG,ProTherm
7431,96,D79F,-3.0,52.6,7.0,P05798,1RGG,ProTherm
7444,96,D79F,-3.0,52.6,7.0,P05798,1RGG,ProTherm
7856,96,D79F,-3.7,45.9,8.5,P05798,1RGG,ProTherm
8220,96,D79F,0.3,38.6,3.0,P05798,1RGG,ProTherm
7432,96,D79Y,-2.9,52.6,7.0,P05798,1RGG,ProTherm
7433,96,D79A,-2.8,52.6,7.0,P05798,1RGG,ProTherm
7445,96,D79A,-2.7,52.6,7.0,P05798,1RGG,ProTherm
7855,96,D79A,-3.3,45.9,8.5,P05798,1RGG,ProTherm
8219,96,D79A,0.3,38.6,3.0,P05798,1RGG,ProTherm
7434,96,D79I,-2.9,52.6,7.0,P05798,1RGG,ProTherm
7446,96,D79I,-2.8,52.6,7.0,P05798,1RGG,ProTherm
7435,96,D79R,-2.7,52.6,7.0,P05798,1RGG,ProTherm
7447,96,D79R,-2.7,52.6,7.0,P05798,1RGG,ProTherm
7436,96,D79L,-2.7,52.6,7.0,P05798,1RGG,ProTherm
7448,96,D79L,-2.7,52.6,7.0,P05798,1RGG,ProTherm
7437,96,D79K,-2.3,52.6,7.0,P05798,1RGG,ProTherm
7449,96,D79K,-2.3,52.6,7.0,P05798,1RGG,ProTherm
7438,96,D79W,-2.3,52.6,7.0,P05798,1RGG,ProTherm
7450,96,D79W,-2.3,52.6,7.0,P05798,1RGG,ProTherm
7439,96,D79H,-1.8,52.6,7.0,P05798,1RGG,ProTherm
7451,96,D79H,-1.8,52.6,7.0,P05798,1RGG,ProTherm
7440,96,D79N,-1.8,52.6,7.0,P05798,1RGG,ProTherm
7452,96,D79N,-1.8,52.6,7.0,P05798,1RGG,ProTherm
7854,96,D79N,-2.3,45.9,8.5,P05798,1RGG,ProTherm
8218,96,D79N,1.2,38.6,3.0,P05798,1RGG,ProTherm
7441,96,D79E,0.3,52.6,7.0,P05798,1RGG,ProTherm
7453,96,D79E,0.3,52.6,7.0,P05798,1RGG,ProTherm
8696,96,Y80F,1.5,25.0,7.0,P05798,1RGG,ProTherm
8697,96,Y81F,1.2,25.0,7.0,P05798,1RGG,ProTherm
7770,96,T82V,1.7,48.4,7.0,P05798,1RGG,ProTherm
7174,96,H85Q,0.0,55.6,5.5,P05798,1RGG,ProTherm
7758,96,H85Q,0.0,49.0,7.0,P05798,1RGG,ProTherm
8698,96,Y86F,0.3,25.0,7.0,P05798,1RGG,ProTherm
4595,96,S90A,-0.2,,7.0,P05798,1RGG,ProTherm
5266,96,L91A,0.84,,7.0,P05798,1RGG,ProTherm
5267,96,I92V,1.0,,7.0,P05798,1RGG,ProTherm
7442,96,Q94K,-0.3,52.6,7.0,P05798,1RGG,ProTherm
7857,96,Q94K,-1.1,45.9,8.5,P05798,1RGG,ProTherm
8221,96,Q94K,-0.2,38.6,3.0,P05798,1RGG,ProTherm
4596,96,T95A,0.6,,7.0,P05798,1RGG,ProTherm
7859,110,A22P,1.92,45.8,7.4,P02625,1RTP,ProTherm
7971,110,A22P,-0.95,44.2,7.4,P02625,1RTP,ProTherm
7858,110,H27P,-1.25,45.8,7.4,P02625,1RTP,ProTherm
7860,110,K81S,0.29,45.8,7.4,P02625,1RTP,ProTherm
8916,158,H31D,1.6,25.0,7.0,P03706,1AM7,ProTherm
8917,158,H48N,5.0,25.0,7.0,P03706,1AM7,ProTherm
7644,104,F29A,-1.1,50.4,5.0,P00099,451C,ProTherm
7645,104,V35M,-0.4,50.4,5.0,P00099,451C,ProTherm
7646,104,F56Y,-1.9,50.4,5.0,P00099,451C,ProTherm
10421,104,F56Y,-1.33,25.0,5.0,P00099,451C,ProTherm
10424,104,F56Y,-0.28,25.0,3.6,P00099,451C,ProTherm
7647,104,Q59R,-0.5,50.4,5.0,P00099,451C,ProTherm
7648,104,E65Y,-0.6,50.4,5.0,P00099,451C,ProTherm
10422,104,E65Y,-1.13,25.0,5.0,P00099,451C,ProTherm
10425,104,E65Y,-0.09,25.0,3.6,P00099,451C,ProTherm
13935,104,W78F,1.9,10.0,7.0,P00099,451C,ProTherm
13933,104,E92Q,0.9,10.0,7.0,P00099,451C,ProTherm
13937,104,E92Q,-0.2,10.0,7.0,P00099,451C,ProTherm
13934,104,E92V,2.0,10.0,7.0,P00099,451C,ProTherm
13938,104,E92V,0.3,10.0,7.0,P00099,451C,ProTherm
13936,104,W99F,1.2,10.0,7.0,P00099,451C,ProTherm
7061,104,V100I,-1.11,62.6,3.6,P00099,451C,ProTherm
7649,104,V100I,-1.0,50.4,5.0,P00099,451C,ProTherm
10423,104,V100I,-1.49,25.0,5.0,P00099,451C,ProTherm
10426,104,V100I,-1.05,25.0,3.6,P00099,451C,ProTherm
11023,104,V100I,-0.06,25.0,5.0,P00099,451C,ProTherm
8238,186,T112S,-0.05,37.0,8.5,P00257,1AYF,ProTherm
8239,186,T112A,1.31,37.0,8.5,P00257,1AYF,ProTherm
8235,186,H114Q,1.66,37.0,8.5,P00257,1AYF,ProTherm
8236,186,H114T,1.19,37.0,8.5,P00257,1AYF,ProTherm
8237,186,H114R,1.16,37.0,8.5,P00257,1AYF,ProTherm
8245,186,D134E,-0.45,37.0,8.5,P00257,1AYF,ProTherm
8243,186,Y140W,0.21,37.0,8.5,P00257,1AYF,ProTherm
8240,186,Y140S,0.33,37.0,8.5,P00257,1AYF,ProTherm
8241,186,Y140L,0.36,37.0,8.5,P00257,1AYF,ProTherm
8242,186,Y140F,0.01,37.0,8.5,P00257,1AYF,ProTherm
8244,186,C153S,-0.96,37.0,8.5,P00257,1AYF,ProTherm
12958,156,W15D,-0.17,20.0,8.5,P42771,1A5E,ProTherm
12959,156,L37S,-0.71,20.0,8.5,P42771,1A5E,ProTherm
12960,156,L121R,-0.66,20.0,8.5,P42771,1A5E,ProTherm
9451,149,M1G,2.36,25.0,5.5,P02417,1DIV,ProTherm
9452,149,M1A,1.46,25.0,5.5,P02417,1DIV,ProTherm
9453,149,V3I,0.31,25.0,5.5,P02417,1DIV,ProTherm
9454,149,V3L,2.21,25.0,5.5,P02417,1DIV,ProTherm
9455,149,V3A,2.55,25.0,5.5,P02417,1DIV,ProTherm
9456,149,I4V,0.59,25.0,5.5,P02417,1DIV,ProTherm
9457,149,I4A,2.22,25.0,5.5,P02417,1DIV,ProTherm
9710,149,F5V,3.99,25.0,5.5,P02417,1DIV,ProTherm
9458,149,L6I,0.13,25.0,5.5,P02417,1DIV,ProTherm
9459,149,L6V,0.41,25.0,5.5,P02417,1DIV,ProTherm
9460,149,L6A,3.1,25.0,5.5,P02417,1DIV,ProTherm
9660,149,K7M,-0.35,25.0,5.45,P02417,1DIV,ProTherm
9665,149,D8N,0.3,25.0,5.45,P02417,1DIV,ProTherm
9661,149,K10M,-0.05,25.0,5.45,P02417,1DIV,ProTherm
8492,149,K12M,-1.9,25.15,5.4,P02417,1DIV,ProTherm
9049,149,K12M,-0.98,25.0,5.4,P02417,1DIV,ProTherm
9050,149,K12M,-0.59,25.0,5.4,P02417,1DIV,ProTherm
9662,149,K12M,-2.03,25.0,5.45,P02417,1DIV,ProTherm
9711,149,K12M,-1.73,25.0,5.5,P02417,1DIV,ProTherm
9663,149,K14M,-0.01,25.0,5.45,P02417,1DIV,ProTherm
9664,149,K15M,0.31,25.0,5.45,P02417,1DIV,ProTherm
9666,149,E17Q,0.21,25.0,5.45,P02417,1DIV,ProTherm
9461,149,V21I,0.4,25.0,5.5,P02417,1DIV,ProTherm
9462,149,V21L,1.23,25.0,5.5,P02417,1DIV,ProTherm
9463,149,V21A,2.33,25.0,5.5,P02417,1DIV,ProTherm
9064,149,D23N,0.72,25.0,5.4,P02417,1DIV,ProTherm
9065,149,D23N,0.02,25.0,5.4,P02417,1DIV,ProTherm
9667,149,D23N,0.58,25.0,5.45,P02417,1DIV,ProTherm
9066,149,D23A,0.46,25.0,5.4,P02417,1DIV,ProTherm
9067,149,D23A,-1.25,25.0,5.4,P02417,1DIV,ProTherm
9068,149,D23A,0.51,25.0,5.4,P02417,1DIV,ProTherm
9069,149,D23A,-1.13,25.0,5.4,P02417,1DIV,ProTherm
9464,149,L30V,3.62,25.0,5.5,P02417,1DIV,ProTherm
9465,149,L30A,2.76,25.0,5.5,P02417,1DIV,ProTherm
9668,149,E38Q,0.56,25.0,5.45,P02417,1DIV,ProTherm
9669,149,E48Q,-0.03,25.0,5.45,P02417,1DIV,ProTherm
9670,149,E54Q,-0.33,25.0,5.45,P02417,1DIV,ProTherm
9414,149,H106Q,0.76,25.0,5.45,P02417,1DIV,ProTherm
9417,149,H106Q,1.53,25.0,8.0,P02417,1DIV,ProTherm
9420,149,H106Q,1.14,25.0,5.45,P02417,1DIV,ProTherm
9423,149,H106Q,2.3,25.0,8.0,P02417,1DIV,ProTherm
9415,149,H134Q,0.34,25.0,5.45,P02417,1DIV,ProTherm
9418,149,H134Q,1.63,25.0,8.0,P02417,1DIV,ProTherm
9421,149,H134Q,0.97,25.0,5.45,P02417,1DIV,ProTherm
9424,149,H134Q,2.08,25.0,8.0,P02417,1DIV,ProTherm
9416,149,H144Q,0.56,25.0,5.45,P02417,1DIV,ProTherm
9419,149,H144Q,0.86,25.0,8.0,P02417,1DIV,ProTherm
9422,149,H144Q,0.82,25.0,5.45,P02417,1DIV,ProTherm
9425,149,H144Q,1.07,25.0,8.0,P02417,1DIV,ProTherm
13745,577,G130P,-0.5,16.0,7.5,Q9REI6,1KFW,ProTherm
13746,577,N235K,-0.81,16.0,7.5,Q9REI6,1KFW,ProTherm
13747,577,G291P,0.65,16.0,7.5,Q9REI6,1KFW,ProTherm
13748,577,G443Q,-0.62,16.0,7.5,Q9REI6,1KFW,ProTherm
7700,66,V30I,-0.7,50.0,7.0,P13123,1AZP,ProTherm
12977,215,S121H,1.5,20.0,7.0,P63159,1HME,ProTherm
12982,215,S121H,1.85,20.0,7.0,P63159,1HME,ProTherm
12978,215,I122H,0.0,20.0,7.0,P63159,1HME,ProTherm
12983,215,I122H,1.23,20.0,7.0,P63159,1HME,ProTherm
12979,215,G123H,-0.47,20.0,7.0,P63159,1HME,ProTherm
12984,215,G123H,0.34,20.0,7.0,P63159,1HME,ProTherm
12980,215,D139H,-0.97,20.0,7.0,P63159,1HME,ProTherm
12985,215,D139H,-0.27,20.0,7.0,P63159,1HME,ProTherm
12981,215,D140H,-0.95,20.0,7.0,P63159,1HME,ProTherm
12986,215,D140H,0.36,20.0,7.0,P63159,1HME,ProTherm
6679,416,R191A,0.34,69.5,7.0,P96110,1B26,ProTherm
12987,416,R191A,0.32,20.0,7.0,P96110,1B26,ProTherm
12990,416,R191A,0.41,20.0,7.0,P96110,1B26,ProTherm
6681,416,K194A,-0.23,69.5,7.0,P96110,1B26,ProTherm
12989,416,K194A,-0.35,20.0,7.0,P96110,1B26,ProTherm
12992,416,K194A,-0.98,20.0,7.0,P96110,1B26,ProTherm
6680,416,E232A,0.17,69.5,7.0,P96110,1B26,ProTherm
12988,416,E232A,0.35,20.0,7.0,P96110,1B26,ProTherm
12991,416,E232A,0.95,20.0,7.0,P96110,1B26,ProTherm
6469,222,Y58F,-3.1,88.9,7.8,P04179,1N0J,ProTherm
6670,222,Y58F,-12.7,70.0,7.8,P04179,1N0J,ProTherm
6646,222,I82T,2.7,70.0,7.8,P04179,1N0J,ProTherm
6470,222,Q167N,-0.06,88.9,7.8,P04179,1N0J,ProTherm
6671,222,Q167N,-2.79,70.0,7.8,P04179,1N0J,ProTherm
8641,148,V25A,0.0,25.0,7.0,P00282,5AZU,ProTherm
9551,148,V25A,0.96,25.0,7.0,P00282,5AZU,ProTherm
8099,148,I27S,6.4,40.0,7.5,P00282,5AZU,ProTherm
12790,148,I27S,3.6,20.0,7.2,P00282,5AZU,ProTherm
12792,148,I27S,3.0,20.0,7.2,P00282,5AZU,ProTherm
8642,148,I27A,3.11,25.0,7.0,P00282,5AZU,ProTherm
9552,148,I27A,3.35,25.0,7.0,P00282,5AZU,ProTherm
9553,148,I40A,2.39,25.0,7.0,P00282,5AZU,ProTherm
9885,148,I40A,1.55,25.0,7.0,P00282,5AZU,ProTherm
9897,148,I40A,1.55,25.0,7.0,P00282,5AZU,ProTherm
9884,148,I40V,0.38,25.0,7.0,P00282,5AZU,ProTherm
9896,148,I40V,0.38,25.0,7.0,P00282,5AZU,ProTherm
9908,148,I40V,0.0,25.0,7.0,P00282,5AZU,ProTherm
9917,148,I40V,0.0,25.0,7.0,P00282,5AZU,ProTherm
9886,148,I40T,2.39,25.0,7.0,P00282,5AZU,ProTherm
9898,148,I40T,2.39,25.0,7.0,P00282,5AZU,ProTherm
9909,148,I40T,1.91,25.0,7.0,P00282,5AZU,ProTherm
9918,148,I40T,1.91,25.0,7.0,P00282,5AZU,ProTherm
9554,148,V42A,1.67,25.0,7.0,P00282,5AZU,ProTherm
9887,148,V42A,1.43,25.0,7.0,P00282,5AZU,ProTherm
9899,148,V42A,1.43,25.0,7.0,P00282,5AZU,ProTherm
9888,148,V42T,0.96,25.0,7.0,P00282,5AZU,ProTherm
9900,148,V42T,0.96,25.0,7.0,P00282,5AZU,ProTherm
9910,148,V42T,4.3,25.0,7.0,P00282,5AZU,ProTherm
9919,148,V42T,4.3,25.0,7.0,P00282,5AZU,ProTherm
9555,148,V51A,1.67,25.0,7.0,P00282,5AZU,ProTherm
9889,148,V51T,1.08,25.0,7.0,P00282,5AZU,ProTherm
9901,148,V51T,1.08,25.0,7.0,P00282,5AZU,ProTherm
9911,148,V51T,4.06,25.0,7.0,P00282,5AZU,ProTherm
9920,148,V51T,4.06,25.0,7.0,P00282,5AZU,ProTherm
9556,148,L53A,1.67,25.0,7.0,P00282,5AZU,ProTherm
12795,148,H66G,10.9,20.0,7.0,P00282,5AZU,ProTherm
9557,148,W68A,3.35,25.0,7.0,P00282,5AZU,ProTherm
9558,148,L70A,1.79,25.0,7.0,P00282,5AZU,ProTherm
9890,148,L70V,0.36,25.0,7.0,P00282,5AZU,ProTherm
9902,148,L70V,0.36,25.0,7.0,P00282,5AZU,ProTherm
9912,148,L70V,0.24,25.0,7.0,P00282,5AZU,ProTherm
9921,148,L70V,0.24,25.0,7.0,P00282,5AZU,ProTherm
9891,148,L70T,2.34,25.0,7.0,P00282,5AZU,ProTherm
9903,148,L70T,2.34,25.0,7.0,P00282,5AZU,ProTherm
9913,148,L70T,2.15,25.0,7.0,P00282,5AZU,ProTherm
9922,148,L70T,2.15,25.0,7.0,P00282,5AZU,ProTherm
8643,148,V80G,3.11,25.0,7.0,P00282,5AZU,ProTherm
9559,148,V80G,3.11,25.0,7.0,P00282,5AZU,ProTherm
9560,148,I101A,1.43,25.0,7.0,P00282,5AZU,ProTherm
9893,148,I101A,2.39,25.0,7.0,P00282,5AZU,ProTherm
9905,148,I101A,2.39,25.0,7.0,P00282,5AZU,ProTherm
9892,148,I101V,0.07,25.0,7.0,P00282,5AZU,ProTherm
9904,148,I101V,0.07,25.0,7.0,P00282,5AZU,ProTherm
9914,148,I101V,0.24,25.0,7.0,P00282,5AZU,ProTherm
9923,148,I101V,0.24,25.0,7.0,P00282,5AZU,ProTherm
9894,148,I101T,2.51,25.0,7.0,P00282,5AZU,ProTherm
9906,148,I101T,2.51,25.0,7.0,P00282,5AZU,ProTherm
9915,148,I101T,3.35,25.0,7.0,P00282,5AZU,ProTherm
9924,148,I101T,3.35,25.0,7.0,P00282,5AZU,ProTherm
8644,148,A102G,3.11,25.0,7.0,P00282,5AZU,ProTherm
9561,148,A102G,1.67,25.0,7.0,P00282,5AZU,ProTherm
9562,148,V115A,0.96,25.0,7.0,P00282,5AZU,ProTherm
9895,148,V115T,-0.96,25.0,7.0,P00282,5AZU,ProTherm
9907,148,V115T,-0.96,25.0,7.0,P00282,5AZU,ProTherm
9916,148,V115T,0.12,25.0,7.0,P00282,5AZU,ProTherm
9925,148,V115T,0.12,25.0,7.0,P00282,5AZU,ProTherm
9563,148,F117A,2.63,25.0,7.0,P00282,5AZU,ProTherm
9564,148,Y128A,3.59,25.0,7.0,P00282,5AZU,ProTherm
8098,148,F130S,6.4,40.0,7.5,P00282,5AZU,ProTherm
12791,148,F130S,4.6,20.0,7.2,P00282,5AZU,ProTherm
12793,148,F130S,3.7,20.0,7.2,P00282,5AZU,ProTherm
9565,148,F130A,5.02,25.0,7.0,P00282,5AZU,ProTherm
13117,148,C132S,-1.57,20.0,7.5,P00282,5AZU,ProTherm
13118,148,C132S,-2.09,20.0,7.5,P00282,5AZU,ProTherm
13119,148,C132S,-0.96,20.0,7.5,P00282,5AZU,ProTherm
14420,148,C132S,-1.74,-15.0,7.5,P00282,5AZU,ProTherm
14421,148,C132S,-1.75,-15.0,7.5,P00282,5AZU,ProTherm
14422,148,C132S,-1.29,-15.0,7.5,P00282,5AZU,ProTherm
14424,148,C132S,-1.1,-15.0,7.5,P00282,5AZU,ProTherm
14425,148,C132S,-1.79,-15.0,7.5,P00282,5AZU,ProTherm
14426,148,C132S,-0.55,-15.0,7.5,P00282,5AZU,ProTherm
14428,148,C132S,-4.19,-15.0,7.5,P00282,5AZU,ProTherm
14429,148,C132S,-3.74,-15.0,7.5,P00282,5AZU,ProTherm
14430,148,C132S,-0.24,-15.0,7.5,P00282,5AZU,ProTherm
14432,148,C132S,-4.4,-15.0,7.5,P00282,5AZU,ProTherm
12794,148,H137G,9.9,20.0,7.0,P00282,5AZU,ProTherm
9566,148,M141A,2.87,25.0,7.0,P00282,5AZU,ProTherm
8645,148,L145A,0.72,25.0,7.0,P00282,5AZU,ProTherm
9567,148,L145A,1.67,25.0,7.0,P00282,5AZU,ProTherm
9520,101,D3A,0.53,25.0,7.4,P29160,1H7M,ProTherm
9521,101,E7A,0.76,25.0,7.4,P29160,1H7M,ProTherm
9522,101,R9A,0.76,25.0,7.4,P29160,1H7M,ProTherm
9523,101,K10A,0.29,25.0,7.4,P29160,1H7M,ProTherm
9524,101,D13A,-0.24,25.0,7.4,P29160,1H7M,ProTherm
9525,101,K16A,0.91,25.0,7.4,P29160,1H7M,ProTherm
9526,101,R22A,-0.07,25.0,7.4,P29160,1H7M,ProTherm
9527,101,K23A,-0.43,25.0,7.4,P29160,1H7M,ProTherm
9528,101,K29A,1.2,25.0,7.4,P29160,1H7M,ProTherm
9529,101,K34A,-0.12,25.0,7.4,P29160,1H7M,ProTherm
9530,101,R40A,0.07,25.0,7.4,P29160,1H7M,ProTherm
9531,101,R43A,-0.33,25.0,7.4,P29160,1H7M,ProTherm
9532,101,D45A,-0.05,25.0,7.4,P29160,1H7M,ProTherm
9533,101,K47A,1.1,25.0,7.4,P29160,1H7M,ProTherm
9534,101,E48A,0.05,25.0,7.4,P29160,1H7M,ProTherm
9535,101,D49A,-0.36,25.0,7.4,P29160,1H7M,ProTherm
9536,101,E51A,-0.57,25.0,7.4,P29160,1H7M,ProTherm
9537,101,R55A,0.26,25.0,7.4,P29160,1H7M,ProTherm
9538,101,E63A,1.29,25.0,7.4,P29160,1H7M,ProTherm
9539,101,E65A,0.26,25.0,7.4,P29160,1H7M,ProTherm
9540,101,E70A,0.74,25.0,7.4,P29160,1H7M,ProTherm
9541,101,R77A,-0.19,25.0,7.4,P29160,1H7M,ProTherm
9542,101,H79A,0.5,25.0,7.4,P29160,1H7M,ProTherm
9543,101,D88A,1.36,25.0,7.4,P29160,1H7M,ProTherm
9544,101,E91A,0.41,25.0,7.4,P29160,1H7M,ProTherm
9545,101,R93A,0.31,25.0,7.4,P29160,1H7M,ProTherm
9433,88,F29W,0.86,25.0,7.0,P42013,1Y4Y,ProTherm
9549,179,L33K,1.36,25.0,7.4,P10762,1LS4,ProTherm
9547,179,T47A,-0.6,25.0,7.4,P10762,1LS4,ProTherm
9550,179,A155K,1.69,25.0,7.4,P10762,1LS4,ProTherm
9548,179,T159A,1.32,25.0,7.4,P10762,1LS4,ProTherm
9674,142,W45F,2.4,25.0,7.5,P00712,1HFY,ProTherm
8598,142,T48I,-4.4,25.0,7.0,P00712,1HFY,ProTherm
8736,142,T48I,-1.37,25.0,7.0,P00712,1HFY,ProTherm
13149,142,T48I,-0.07,20.0,2.0,P00712,1HFY,ProTherm
8735,142,T48V,-1.86,25.0,7.0,P00712,1HFY,ProTherm
8599,142,A49T,-1.7,25.0,7.0,P00712,1HFY,ProTherm
13150,142,A49T,0.14,20.0,2.0,P00712,1HFY,ProTherm
8600,142,A49I,-2.4,25.0,7.0,P00712,1HFY,ProTherm
13151,142,A49I,-0.3,20.0,2.0,P00712,1HFY,ProTherm
8601,142,T52I,1.1,25.0,7.0,P00712,1HFY,ProTherm
13152,142,T52I,-0.32,20.0,2.0,P00712,1HFY,ProTherm
7131,142,T57A,1.6,59.0,7.0,P00712,1HFY,ProTherm
9673,142,W79F,1.27,25.0,7.5,P00712,1HFY,ProTherm
9672,142,W123F,2.27,25.0,7.5,P00712,1HFY,ProTherm
9671,142,W137F,-0.16,25.0,7.5,P00712,1HFY,ProTherm
10782,110,H34D,-1.3,25.0,8.0,P01308,1ZNJ,ProTherm
10783,110,H34E,-1.44,25.0,8.0,P01308,1ZNJ,ProTherm
10784,110,H34T,0.22,25.0,8.0,P01308,1ZNJ,ProTherm
10789,110,F49H,-1.0,25.0,8.0,P01308,1ZNJ,ProTherm
10790,110,F49D,-0.6,25.0,8.0,P01308,1ZNJ,ProTherm
10788,110,Y50T,0.3,25.0,8.0,P01308,1ZNJ,ProTherm
10785,110,T97A,-0.16,25.0,8.0,P01308,1ZNJ,ProTherm
10786,110,T97H,-1.76,25.0,8.0,P01308,1ZNJ,ProTherm
10787,110,T97R,-1.25,25.0,8.0,P01308,1ZNJ,ProTherm
10781,110,S98D,-0.1,25.0,8.0,P01308,1ZNJ,ProTherm
11271,104,M23L,2.51,25.0,2.0,P22069,1ONC,ProTherm
11272,104,M23L,2.29,25.0,2.5,P22069,1ONC,ProTherm
11273,104,M23L,2.77,25.0,3.0,P22069,1ONC,ProTherm
11274,104,M23L,2.89,25.0,3.5,P22069,1ONC,ProTherm
11275,104,M23L,2.41,25.0,4.0,P22069,1ONC,ProTherm
11276,104,M23L,2.65,25.0,5.0,P22069,1ONC,ProTherm
11277,104,M23L,2.65,25.0,6.0,P22069,1ONC,ProTherm
11278,104,M23L,2.22,25.0,7.0,P22069,1ONC,ProTherm
11279,104,M23L,2.39,25.0,8.0,P22069,1ONC,ProTherm
11280,104,M23L,2.63,25.0,6.0,P22069,1ONC,ProTherm
11281,104,M23L,3.06,25.0,6.0,P22069,1ONC,ProTherm
13099,104,F28T,5.31,20.0,5.5,P22069,1ONC,ProTherm
13100,104,F28A,5.0,20.0,5.5,P22069,1ONC,ProTherm
13101,104,F36Y,4.66,20.0,5.5,P22069,1ONC,ProTherm
7706,228,I6A,2.92,50.0,9.0,O74035,1IO2,ProTherm
7701,228,D7N,-1.67,50.0,9.0,O74035,1IO2,ProTherm
7702,228,E8A,-2.65,50.0,9.0,O74035,1IO2,ProTherm
7703,228,E8Q,-0.6,50.0,9.0,O74035,1IO2,ProTherm
7707,228,I15A,2.13,50.0,9.0,O74035,1IO2,ProTherm
7708,228,I20A,4.42,50.0,9.0,O74035,1IO2,ProTherm
7709,228,L33A,4.54,50.0,9.0,O74035,1IO2,ProTherm
7710,228,I56A,3.97,50.0,9.0,O74035,1IO2,ProTherm
7711,228,L92A,2.87,50.0,9.0,O74035,1IO2,ProTherm
7712,228,I102A,4.04,50.0,9.0,O74035,1IO2,ProTherm
7704,228,D105A,-1.58,50.0,9.0,O74035,1IO2,ProTherm
7713,228,L118A,5.26,50.0,9.0,O74035,1IO2,ProTherm
7705,228,D135A,-2.56,50.0,9.0,O74035,1IO2,ProTherm
7714,228,L147A,2.61,50.0,9.0,O74035,1IO2,ProTherm
2376,54,V24I,-0.36,,9.08,P00268,1IRO,ProTherm
6460,54,V24I,-0.36,107.0,9.08,P00268,1IRO,ProTherm
2377,54,I33L,-0.76,,9.08,P00268,1IRO,ProTherm
6461,54,I33L,-0.76,107.0,9.08,P00268,1IRO,ProTherm
6458,54,I24V,0.55,133.6,9.08,P24297,1BRF,ProTherm
6459,54,L33I,0.88,133.6,9.08,P24297,1BRF,ProTherm
6746,134,F40Y,-0.79,66.2,7.0,P00171,1CYO,ProTherm
8407,134,F40Y,-1.03,30.0,7.0,P00171,1CYO,ProTherm
6747,134,F40L,1.87,66.2,7.0,P00171,1CYO,ProTherm
8408,134,F40L,1.87,30.0,7.0,P00171,1CYO,ProTherm
6748,134,F40H,2.82,66.2,7.0,P00171,1CYO,ProTherm
6523,134,V50Y,1.55,77.6,7.0,P00171,1CYO,ProTherm
6718,134,V50Y,1.53,66.7,7.0,P00171,1CYO,ProTherm
6524,134,V50H,1.39,77.6,7.0,P00171,1CYO,ProTherm
6719,134,V50H,1.34,66.7,7.0,P00171,1CYO,ProTherm
6525,134,V50E,2.06,77.6,7.0,P00171,1CYO,ProTherm
6720,134,V50E,2.68,66.7,7.0,P00171,1CYO,ProTherm
6706,134,V66E,1.1,67.2,7.0,P00171,1CYO,ProTherm
6707,134,V66Y,1.29,67.2,7.0,P00171,1CYO,ProTherm
6708,134,V66H,1.63,67.2,7.0,P00171,1CYO,ProTherm
6709,134,V66K,2.34,67.2,7.0,P00171,1CYO,ProTherm
9519,134,S76L,-0.8,25.0,7.0,P00171,1CYO,ProTherm
10420,199,E114Q,1.06,25.0,7.0,Q9EYL5,3BCI,ProTherm
10418,199,T171V,-1.0,25.0,7.0,Q9EYL5,3BCI,ProTherm
10419,199,T171V,-1.28,25.0,7.0,Q9EYL5,3BCI,ProTherm
2705,405,A113G,-0.04,,7.0,P0AFG6,1W4H,ProTherm
2706,405,L114A,-0.94,,7.0,P0AFG6,1W4H,ProTherm
14002,405,L114A,-0.9,10.0,7.0,P0AFG6,1W4H,ProTherm
2707,405,S115G,-0.47,,7.0,P0AFG6,1W4H,ProTherm
14003,405,S115G,-0.57,10.0,7.0,P0AFG6,1W4H,ProTherm
2708,405,P116A,0.38,,7.0,P0AFG6,1W4H,ProTherm
2709,405,A117G,-0.37,,7.0,P0AFG6,1W4H,ProTherm
14004,405,A117G,-0.32,10.0,7.0,P0AFG6,1W4H,ProTherm
2710,405,I118V,-0.03,,7.0,P0AFG6,1W4H,ProTherm
2711,405,I118A,-1.63,,7.0,P0AFG6,1W4H,ProTherm
14005,405,I118A,-1.24,10.0,7.0,P0AFG6,1W4H,ProTherm
2712,405,L121A,-1.67,,7.0,P0AFG6,1W4H,ProTherm
14006,405,L121A,-1.6,10.0,7.0,P0AFG6,1W4H,ProTherm
2713,405,L122A,-3.5,,7.0,P0AFG6,1W4H,ProTherm
2714,405,A123G,-1.02,,7.0,P0AFG6,1W4H,ProTherm
14007,405,A123G,-0.93,10.0,7.0,P0AFG6,1W4H,ProTherm
2715,405,L127A,-1.9,,7.0,P0AFG6,1W4H,ProTherm
14008,405,L127A,-1.37,10.0,7.0,P0AFG6,1W4H,ProTherm
2716,405,A129G,-0.58,,7.0,P0AFG6,1W4H,ProTherm
14009,405,A129G,-0.56,10.0,7.0,P0AFG6,1W4H,ProTherm
2717,405,A131G,-0.43,,7.0,P0AFG6,1W4H,ProTherm
14010,405,A131G,-0.52,10.0,7.0,P0AFG6,1W4H,ProTherm
2718,405,I132V,-0.75,,7.0,P0AFG6,1W4H,ProTherm
14011,405,I132V,-0.7,10.0,7.0,P0AFG6,1W4H,ProTherm
2719,405,T135S,-0.29,,7.0,P0AFG6,1W4H,ProTherm
2720,405,T135A,-1.36,,7.0,P0AFG6,1W4H,ProTherm
14012,405,T135A,-1.68,10.0,7.0,P0AFG6,1W4H,ProTherm
2721,405,V137G,-0.84,,7.0,P0AFG6,1W4H,ProTherm
14013,405,V137G,-0.98,10.0,7.0,P0AFG6,1W4H,ProTherm
2722,405,L141A,-2.12,,7.0,P0AFG6,1W4H,ProTherm
2723,405,T142S,-1.63,,7.0,P0AFG6,1W4H,ProTherm
14014,405,T142S,-1.32,10.0,7.0,P0AFG6,1W4H,ProTherm
2724,405,D145N,-3.1,,7.0,P0AFG6,1W4H,ProTherm
2725,405,V146A,-2.02,,7.0,P0AFG6,1W4H,ProTherm
2726,405,H149A,0.06,,7.0,P0AFG6,1W4H,ProTherm
2727,405,H149G,-1.58,,7.0,P0AFG6,1W4H,ProTherm
14015,405,H149G,-1.87,10.0,7.0,P0AFG6,1W4H,ProTherm
2728,405,L150A,-0.57,,7.0,P0AFG6,1W4H,ProTherm
2731,405,L150A,-1.18,,7.0,P0AFG6,1W4H,ProTherm
14016,405,L150A,-0.6,10.0,7.0,P0AFG6,1W4H,ProTherm
14018,405,L150A,-0.74,10.0,7.0,P0AFG6,1W4H,ProTherm
2729,405,A151G,-0.07,,7.0,P0AFG6,1W4H,ProTherm
10450,381,D122N,0.0,25.0,8.0,P00563,2CRK,ProTherm
10452,381,D122N,1.2,25.0,8.0,P00563,2CRK,ProTherm
10451,381,D122A,0.0,25.0,8.0,P00563,2CRK,ProTherm
10453,381,D122A,0.48,25.0,8.0,P00563,2CRK,ProTherm
13753,159,G15A,-0.7,15.0,7.8,P0ABQ4,5DFR,ProTherm
13754,159,P21L,0.1,15.0,7.8,P0ABQ4,5DFR,ProTherm
13755,159,W22L,-0.1,15.0,7.8,P0ABQ4,5DFR,ProTherm
13756,159,L24V,1.9,15.0,7.8,P0ABQ4,5DFR,ProTherm
13866,159,D27N,-1.4,15.0,7.8,P0ABQ4,5DFR,ProTherm
13867,159,L28R,-1.7,15.0,7.8,P0ABQ4,5DFR,ProTherm
13872,159,L28R,-1.72,15.0,7.8,P0ABQ4,5DFR,ProTherm
13775,159,W30A,2.33,15.0,7.8,P0ABQ4,5DFR,ProTherm
13776,159,W30E,2.89,15.0,7.8,P0ABQ4,5DFR,ProTherm
13777,159,W30H,2.78,15.0,7.8,P0ABQ4,5DFR,ProTherm
13778,159,W30M,2.03,15.0,7.8,P0ABQ4,5DFR,ProTherm
13779,159,W30N,2.52,15.0,7.8,P0ABQ4,5DFR,ProTherm
13780,159,W30R,2.49,15.0,7.8,P0ABQ4,5DFR,ProTherm
13781,159,W30S,2.74,15.0,7.8,P0ABQ4,5DFR,ProTherm
13782,159,W30Y,2.16,15.0,7.8,P0ABQ4,5DFR,ProTherm
13757,159,F31A,1.9,15.0,7.8,P0ABQ4,5DFR,ProTherm
13868,159,F31V,1.5,15.0,7.8,P0ABQ4,5DFR,ProTherm
13758,159,T35A,1.1,15.0,7.8,P0ABQ4,5DFR,ProTherm
13783,159,V40A,1.55,15.0,7.8,P0ABQ4,5DFR,ProTherm
13784,159,V40F,2.15,15.0,7.8,P0ABQ4,5DFR,ProTherm
13785,159,V40H,3.27,15.0,7.8,P0ABQ4,5DFR,ProTherm
13786,159,V40I,0.85,15.0,7.8,P0ABQ4,5DFR,ProTherm
13787,159,V40L,1.35,15.0,7.8,P0ABQ4,5DFR,ProTherm
13788,159,V40M,2.0,15.0,7.8,P0ABQ4,5DFR,ProTherm
13789,159,V40N,2.17,15.0,7.8,P0ABQ4,5DFR,ProTherm
13790,159,V40R,1.72,15.0,7.8,P0ABQ4,5DFR,ProTherm
13791,159,V40S,2.52,15.0,7.8,P0ABQ4,5DFR,ProTherm
13759,159,G43A,0.4,15.0,7.8,P0ABQ4,5DFR,ProTherm
13760,159,R44A,1.4,15.0,7.8,P0ABQ4,5DFR,ProTherm
13826,159,R44L,-1.4,15.0,7.8,P0ABQ4,5DFR,ProTherm
13869,159,R44L,-1.5,15.0,7.8,P0ABQ4,5DFR,ProTherm
13761,159,L54V,-0.4,15.0,7.8,P0ABQ4,5DFR,ProTherm
13792,159,N59C,0.02,15.0,7.8,P0ABQ4,5DFR,ProTherm
13793,159,N59E,2.09,15.0,7.8,P0ABQ4,5DFR,ProTherm
13794,159,N59G,2.92,15.0,7.8,P0ABQ4,5DFR,ProTherm
13795,159,N59H,1.75,15.0,7.8,P0ABQ4,5DFR,ProTherm
13796,159,N59I,0.11,15.0,7.8,P0ABQ4,5DFR,ProTherm
13797,159,N59K,2.22,15.0,7.8,P0ABQ4,5DFR,ProTherm
13798,159,N59L,0.03,15.0,7.8,P0ABQ4,5DFR,ProTherm
13799,159,N59M,0.27,15.0,7.8,P0ABQ4,5DFR,ProTherm
13800,159,N59P,1.34,15.0,7.8,P0ABQ4,5DFR,ProTherm
13801,159,N59Q,0.92,15.0,7.8,P0ABQ4,5DFR,ProTherm
13802,159,N59S,1.88,15.0,7.8,P0ABQ4,5DFR,ProTherm
13803,159,N59T,0.32,15.0,7.8,P0ABQ4,5DFR,ProTherm
13804,159,N59V,-0.22,15.0,7.8,P0ABQ4,5DFR,ProTherm
13805,159,N59W,1.6,15.0,7.8,P0ABQ4,5DFR,ProTherm
13827,159,P66A,-1.3,15.0,7.8,P0ABQ4,5DFR,ProTherm
13849,159,G67S,-0.07,15.0,7.0,P0ABQ4,5DFR,ProTherm
13850,159,G67A,-0.52,15.0,7.0,P0ABQ4,5DFR,ProTherm
13851,159,G67C,0.36,15.0,7.0,P0ABQ4,5DFR,ProTherm
13852,159,G67D,0.14,15.0,7.0,P0ABQ4,5DFR,ProTherm
13853,159,G67V,0.94,15.0,7.0,P0ABQ4,5DFR,ProTherm
13854,159,G67L,0.44,15.0,7.0,P0ABQ4,5DFR,ProTherm
13855,159,G67T,0.21,15.0,7.0,P0ABQ4,5DFR,ProTherm
13749,159,W74F,1.2,15.0,7.8,P0ABQ4,5DFR,ProTherm
13837,159,V75H,2.0,15.0,7.8,P0ABQ4,5DFR,ProTherm
13838,159,V75H,1.3,15.0,6.5,P0ABQ4,5DFR,ProTherm
13839,159,V75I,1.3,15.0,7.8,P0ABQ4,5DFR,ProTherm
13834,159,V75A,-0.1,15.0,7.8,P0ABQ4,5DFR,ProTherm
13835,159,V75C,-0.1,15.0,7.8,P0ABQ4,5DFR,ProTherm
13836,159,V75S,-0.3,15.0,7.8,P0ABQ4,5DFR,ProTherm
13840,159,V75R,1.2,15.0,7.8,P0ABQ4,5DFR,ProTherm
13841,159,V75Y,1.3,15.0,7.8,P0ABQ4,5DFR,ProTherm
13381,159,V88I,-0.75,20.0,7.2,P0ABQ4,5DFR,ProTherm
13380,159,V88A,-0.39,20.0,7.2,P0ABQ4,5DFR,ProTherm
13766,159,G95A,-1.3,15.0,7.8,P0ABQ4,5DFR,ProTherm
13870,159,T113V,1.2,15.0,7.8,P0ABQ4,5DFR,ProTherm
13856,159,G121V,1.22,15.0,7.0,P0ABQ4,5DFR,ProTherm
13862,159,G121V,0.99,15.0,7.0,P0ABQ4,5DFR,ProTherm
13857,159,G121L,0.38,15.0,7.0,P0ABQ4,5DFR,ProTherm
13864,159,G121L,0.63,15.0,7.0,P0ABQ4,5DFR,ProTherm
13858,159,G121S,-0.01,15.0,7.0,P0ABQ4,5DFR,ProTherm
13859,159,G121A,-0.5,15.0,7.0,P0ABQ4,5DFR,ProTherm
13860,159,G121C,-0.09,15.0,7.0,P0ABQ4,5DFR,ProTherm
13861,159,G121D,-0.19,15.0,7.0,P0ABQ4,5DFR,ProTherm
13863,159,G121H,0.11,15.0,7.0,P0ABQ4,5DFR,ProTherm
13865,159,G121Y,0.2,15.0,7.0,P0ABQ4,5DFR,ProTherm
13762,159,D122A,1.6,15.0,7.8,P0ABQ4,5DFR,ProTherm
13871,159,E139K,1.0,15.0,7.8,P0ABQ4,5DFR,ProTherm
13873,159,E139K,0.98,15.0,7.8,P0ABQ4,5DFR,ProTherm
13874,159,E139Q,0.42,15.0,7.8,P0ABQ4,5DFR,ProTherm
13806,159,S148A,0.47,15.0,7.8,P0ABQ4,5DFR,ProTherm
13807,159,S148E,0.52,15.0,7.8,P0ABQ4,5DFR,ProTherm
13808,159,S148K,0.26,15.0,7.8,P0ABQ4,5DFR,ProTherm
13809,159,S148N,0.89,15.0,7.8,P0ABQ4,5DFR,ProTherm
13810,159,S148P,0.26,15.0,7.8,P0ABQ4,5DFR,ProTherm
13811,159,S148R,0.75,15.0,7.8,P0ABQ4,5DFR,ProTherm
13812,159,S148T,0.51,15.0,7.8,P0ABQ4,5DFR,ProTherm
13813,159,S148V,0.33,15.0,7.8,P0ABQ4,5DFR,ProTherm
13763,159,I155A,4.0,15.0,7.8,P0ABQ4,5DFR,ProTherm
13814,159,I155A,3.82,15.0,7.8,P0ABQ4,5DFR,ProTherm
13764,159,I155L,2.8,15.0,7.8,P0ABQ4,5DFR,ProTherm
13818,159,I155L,2.27,15.0,7.8,P0ABQ4,5DFR,ProTherm
13822,159,I155T,3.3,15.0,7.8,P0ABQ4,5DFR,ProTherm
13765,159,I155V,0.0,15.0,7.8,P0ABQ4,5DFR,ProTherm
13823,159,I155V,0.58,15.0,7.8,P0ABQ4,5DFR,ProTherm
13815,159,I155D,4.1,15.0,7.8,P0ABQ4,5DFR,ProTherm
13816,159,I155E,3.26,15.0,7.8,P0ABQ4,5DFR,ProTherm
13817,159,I155K,3.35,15.0,7.8,P0ABQ4,5DFR,ProTherm
13819,159,I155Q,3.86,15.0,7.8,P0ABQ4,5DFR,ProTherm
13820,159,I155R,3.28,15.0,7.8,P0ABQ4,5DFR,ProTherm
13821,159,I155S,3.93,15.0,7.8,P0ABQ4,5DFR,ProTherm
13824,159,I155W,4.31,15.0,7.8,P0ABQ4,5DFR,ProTherm
13825,159,I155Y,3.64,15.0,7.8,P0ABQ4,5DFR,ProTherm
6471,667,G178R,2.1,88.4,7.4,P12528,1CLW,ProTherm
6472,667,T236I,1.6,88.4,7.4,P12528,1CLW,ProTherm
6473,667,G245R,4.0,88.4,7.4,P12528,1CLW,ProTherm
6475,667,R286K,10.3,88.4,7.4,P12528,1CLW,ProTherm
6474,667,E310V,2.3,88.4,7.4,P12528,1CLW,ProTherm
6476,667,G324D,0.4,88.4,7.4,P12528,1CLW,ProTherm
6477,667,R383S,17.4,88.4,7.4,P12528,1CLW,ProTherm
7029,90,A27S,1.19,63.9,7.0,P0A3H0,1HUE,ProTherm
7030,90,S31T,-0.41,63.9,7.0,P0A3H0,1HUE,ProTherm
7031,90,V42I,0.82,63.9,7.0,P0A3H0,1HUE,ProTherm
7032,90,A56S,0.13,63.9,7.0,P0A3H0,1HUE,ProTherm
7033,90,M69I,0.0,63.9,7.0,P0A3H0,1HUE,ProTherm
14186,636,V103L,-0.48,5.0,6.88,P06876,1MBG,ProTherm
7308,377,Y166F,0.7,54.6,6.8,P00811,3BLS,ProTherm
11049,377,Y166F,1.0,25.0,6.8,P00811,3BLS,ProTherm
11086,222,V10I,1.2,25.0,7.5,P07170,2AKY,ProTherm
11082,222,T79H,2.15,25.0,7.5,P07170,2AKY,ProTherm
11081,222,N171D,2.15,25.0,7.5,P07170,2AKY,ProTherm
11087,222,I215F,1.91,25.0,7.5,P07170,2AKY,ProTherm
11194,2201,P806A,2.74,25.0,5.0,P24821,1TEN,ProTherm
11231,2201,P806A,2.74,25.0,5.0,P24821,1TEN,ProTherm
11195,2201,I809A,2.86,25.0,5.0,P24821,1TEN,ProTherm
11232,2201,I809A,2.86,25.0,5.0,P24821,1TEN,ProTherm
11196,2201,I809V,0.18,25.0,5.0,P24821,1TEN,ProTherm
11233,2201,I809V,0.18,25.0,5.0,P24821,1TEN,ProTherm
11197,2201,V811A,1.36,25.0,5.0,P24821,1TEN,ProTherm
11234,2201,V811A,1.36,25.0,5.0,P24821,1TEN,ProTherm
11198,2201,A819G,2.8,25.0,5.0,P24821,1TEN,ProTherm
11235,2201,A819G,2.8,25.0,5.0,P24821,1TEN,ProTherm
11199,2201,I821A,3.67,25.0,5.0,P24821,1TEN,ProTherm
11236,2201,I821A,3.67,25.0,5.0,P24821,1TEN,ProTherm
11200,2201,I821V,0.23,25.0,5.0,P24821,1TEN,ProTherm
11237,2201,I821V,0.23,25.0,5.0,P24821,1TEN,ProTherm
11201,2201,P826A,1.73,25.0,5.0,P24821,1TEN,ProTherm
11238,2201,P826A,1.73,25.0,5.0,P24821,1TEN,ProTherm
11202,2201,I830A,1.38,25.0,5.0,P24821,1TEN,ProTherm
11239,2201,I830A,1.38,25.0,5.0,P24821,1TEN,ProTherm
11203,2201,I830V,0.32,25.0,5.0,P24821,1TEN,ProTherm
11240,2201,I830V,0.32,25.0,5.0,P24821,1TEN,ProTherm
11204,2201,I833A,3.28,25.0,5.0,P24821,1TEN,ProTherm
11241,2201,I833A,3.28,25.0,5.0,P24821,1TEN,ProTherm
11205,2201,I833V,0.5,25.0,5.0,P24821,1TEN,ProTherm
11242,2201,I833V,0.5,25.0,5.0,P24821,1TEN,ProTherm
11206,2201,L835A,4.29,25.0,5.0,P24821,1TEN,ProTherm
11207,2201,Y837A,4.22,25.0,5.0,P24821,1TEN,ProTherm
11208,2201,I849A,2.19,25.0,5.0,P24821,1TEN,ProTherm
11243,2201,I849A,2.19,25.0,5.0,P24821,1TEN,ProTherm
11209,2201,L851A,2.99,25.0,5.0,P24821,1TEN,ProTherm
11244,2201,L851A,2.99,25.0,5.0,P24821,1TEN,ProTherm
11210,2201,Y858G,4.14,25.0,5.0,P24821,1TEN,ProTherm
11212,2201,Y858G,2.76,25.0,5.0,P24821,1TEN,ProTherm
11211,2201,Y858A,1.38,25.0,5.0,P24821,1TEN,ProTherm
11246,2201,Y858A,1.38,25.0,5.0,P24821,1TEN,ProTherm
11213,2201,I860A,2.06,25.0,5.0,P24821,1TEN,ProTherm
11247,2201,I860A,2.06,25.0,5.0,P24821,1TEN,ProTherm
11214,2201,I860V,0.83,25.0,5.0,P24821,1TEN,ProTherm
11248,2201,I860V,0.83,25.0,5.0,P24821,1TEN,ProTherm
11215,2201,L863A,4.22,25.0,5.0,P24821,1TEN,ProTherm
11249,2201,L863A,4.22,25.0,5.0,P24821,1TEN,ProTherm
11216,2201,P865A,0.93,25.0,5.0,P24821,1TEN,ProTherm
11250,2201,P865A,0.93,25.0,5.0,P24821,1TEN,ProTherm
11217,2201,T867S,1.22,25.0,5.0,P24821,1TEN,ProTherm
11019,2201,Y869F,-3.22,25.0,5.0,P24821,1TEN,ProTherm
11218,2201,Y869F,3.13,25.0,5.0,P24821,1TEN,ProTherm
11251,2201,Y869F,3.13,25.0,5.0,P24821,1TEN,ProTherm
11021,2201,Y869A,-1.88,25.0,5.0,P24821,1TEN,ProTherm
11219,2201,V871A,2.81,25.0,5.0,P24821,1TEN,ProTherm
11220,2201,L873A,3.06,25.0,5.0,P24821,1TEN,ProTherm
11252,2201,L873A,3.06,25.0,5.0,P24821,1TEN,ProTherm
11221,2201,S875A,-0.04,25.0,5.0,P24821,1TEN,ProTherm
11222,2201,S882A,2.28,25.0,5.0,P24821,1TEN,ProTherm
11253,2201,S882A,2.82,25.0,5.0,P24821,1TEN,ProTherm
11223,2201,P884A,0.11,25.0,5.0,P24821,1TEN,ProTherm
11254,2201,P884A,0.11,25.0,5.0,P24821,1TEN,ProTherm
11224,2201,A885G,1.09,25.0,5.0,P24821,1TEN,ProTherm
11255,2201,A885G,1.09,25.0,5.0,P24821,1TEN,ProTherm
11225,2201,E887A,-1.61,25.0,5.0,P24821,1TEN,ProTherm
11256,2201,E887A,-1.61,25.0,5.0,P24821,1TEN,ProTherm
11226,2201,E887G,0.34,25.0,5.0,P24821,1TEN,ProTherm
11227,2201,E887G,1.95,25.0,5.0,P24821,1TEN,ProTherm
11257,2201,E887G,0.34,25.0,5.0,P24821,1TEN,ProTherm
11228,2201,F889A,5.43,25.0,5.0,P24821,1TEN,ProTherm
11258,2201,F889A,5.43,25.0,5.0,P24821,1TEN,ProTherm
8258,174,M44A,0.0,37.0,7.0,P07320,1HK0,ProTherm
8263,174,M44A,0.7,37.0,7.0,P07320,1HK0,ProTherm
8252,174,Q55A,0.2,37.0,7.0,P07320,1HK0,ProTherm
8256,174,Q55A,-0.7,37.0,7.0,P07320,1HK0,ProTherm
8259,174,F57A,1.6,37.0,7.0,P07320,1HK0,ProTherm
8264,174,F57A,-0.4,37.0,7.0,P07320,1HK0,ProTherm
8250,174,R80A,1.0,37.0,7.0,P07320,1HK0,ProTherm
8254,174,R80A,1.3,37.0,7.0,P07320,1HK0,ProTherm
8260,174,I82A,2.4,37.0,7.0,P07320,1HK0,ProTherm
8265,174,I82A,0.2,37.0,7.0,P07320,1HK0,ProTherm
8261,174,V132A,2.7,37.0,7.0,P07320,1HK0,ProTherm
8266,174,V132A,1.1,37.0,7.0,P07320,1HK0,ProTherm
8253,174,Q143A,0.5,37.0,7.0,P07320,1HK0,ProTherm
8257,174,Q143A,-0.1,37.0,7.0,P07320,1HK0,ProTherm
8262,174,L145A,1.2,37.0,7.0,P07320,1HK0,ProTherm
8267,174,L145A,1.4,37.0,7.0,P07320,1HK0,ProTherm
8251,174,M147A,1.1,37.0,7.0,P07320,1HK0,ProTherm
8255,174,M147A,0.0,37.0,7.0,P07320,1HK0,ProTherm
8268,174,V170A,-1.3,37.0,7.0,P07320,1HK0,ProTherm
11501,193,W55F,4.25,25.0,7.0,P54178,1XZO,ProTherm
11503,193,W55A,8.93,25.0,7.0,P54178,1XZO,ProTherm
11504,193,F61W,-2.87,25.0,7.0,P54178,1XZO,ProTherm
11502,193,W120F,2.89,25.0,7.0,P54178,1XZO,ProTherm
11517,210,L198C,1.0,25.0,7.0,Q16595,1EKG,ProTherm
12539,210,L198C,1.0,25.0,7.0,Q16595,1EKG,ProTherm
12542,210,L198C,0.9,25.0,7.0,Q16595,1EKG,ProTherm
11518,210,L200C,2.0,25.0,7.0,Q16595,1EKG,ProTherm
12540,210,L200C,2.0,25.0,7.0,Q16595,1EKG,ProTherm
12543,210,L200C,1.8,25.0,7.0,Q16595,1EKG,ProTherm
11519,210,L203C,1.0,25.0,7.0,Q16595,1EKG,ProTherm
12541,210,L203C,-1.0,25.0,7.0,Q16595,1EKG,ProTherm
12544,210,L203C,-0.8,25.0,7.0,Q16595,1EKG,ProTherm
5024,191,Y102A,6.69,,7.5,P23540,1BK7,ProTherm
5025,191,F103A,5.28,,7.5,P23540,1BK7,ProTherm
5026,191,A106L,2.92,,7.5,P23540,1BK7,ProTherm
5027,191,D108A,0.31,,7.5,P23540,1BK7,ProTherm
5028,191,P126A,0.83,,7.5,P23540,1BK7,ProTherm
5029,191,G128A,1.04,,7.5,P23540,1BK7,ProTherm
5030,191,V167A,2.32,,7.5,P23540,1BK7,ProTherm
5031,191,G174A,0.08,,7.5,P23540,1BK7,ProTherm
5032,191,F191A,3.23,,7.5,P23540,1BK7,ProTherm
5314,175,A8D,1.6,,7.4,P07845,1GWY,ProTherm
13736,138,H56V,-5.1,20.0,7.0,Q9NAV8,1EW6,ProTherm
5108,509,L100A,-0.81,,6.0,O61594,5CG0,ProTherm
5113,509,S247A,0.05,,6.0,O61594,5CG0,ProTherm
5114,509,N249A,0.94,,6.0,O61594,5CG0,ProTherm
5115,509,F251A,0.67,,6.0,O61594,5CG0,ProTherm
5120,509,D260A,0.67,,6.0,O61594,5CG0,ProTherm
5121,509,E261A,-0.53,,6.0,O61594,5CG0,ProTherm
5122,509,M262F,-0.53,,6.0,O61594,5CG0,ProTherm
5123,509,A263F,0.43,,6.0,O61594,5CG0,ProTherm
5124,509,E265A,-0.43,,6.0,O61594,5CG0,ProTherm
5116,509,F334A,1.11,,6.0,O61594,5CG0,ProTherm
5125,509,L335A,0.84,,6.0,O61594,5CG0,ProTherm
5126,509,V336F,2.14,,6.0,O61594,5CG0,ProTherm
5127,509,S337F,0.75,,6.0,O61594,5CG0,ProTherm
5109,509,L350A,0.7,,6.0,O61594,5CG0,ProTherm
5117,509,S358A,0.63,,6.0,O61594,5CG0,ProTherm
5118,509,K366A,1.25,,6.0,O61594,5CG0,ProTherm
5110,509,L389A,-0.67,,6.0,O61594,5CG0,ProTherm
5111,509,Y390A,0.34,,6.0,O61594,5CG0,ProTherm
5112,509,N391A,23.21,,6.0,O61594,5CG0,ProTherm
5119,509,Y420A,1.42,,6.0,O61594,5CG0,ProTherm
14112,505,R316H,-0.06,10.0,8.0,P37231,1PRG,ProTherm
14113,505,V318M,-0.03,10.0,8.0,P37231,1PRG,ProTherm
14111,505,Q342P,0.3,10.0,8.0,P37231,1PRG,ProTherm
14114,505,R385A,-0.19,10.0,8.0,P37231,1PRG,ProTherm
14115,505,F388L,0.4,10.0,8.0,P37231,1PRG,ProTherm
14117,505,E488K,0.17,10.0,8.0,P37231,1PRG,ProTherm
14116,505,P495L,-0.11,10.0,8.0,P37231,1PRG,ProTherm
5170,98,P7S,1.5,,7.5,Q5NV88,2W0K,ProTherm
12473,98,P7S,2.6,25.0,7.5,Q5NV88,2W0K,ProTherm
5171,98,H8P,0.8,,7.5,Q5NV88,2W0K,ProTherm
12474,98,H8P,0.6,25.0,7.5,Q5NV88,2W0K,ProTherm
5172,98,H8S,0.2,,7.5,Q5NV88,2W0K,ProTherm
12475,98,H8S,0.6,25.0,7.5,Q5NV88,2W0K,ProTherm
14118,313,Y53H,3.3,10.0,7.5,P11309,1XWS,ProTherm
14119,313,E124Q,2.9,10.0,7.5,P11309,1XWS,ProTherm
14120,313,E135K,4.59,10.0,7.5,P11309,1XWS,ProTherm
14121,313,E142D,3.22,10.0,7.5,P11309,1XWS,ProTherm
5202,724,D332G,1.44,,7.5,P78352,3K82,ProTherm
5203,724,D332P,1.44,,7.5,P78352,3K82,ProTherm
5204,724,E334L,3.35,,7.5,P78352,3K82,ProTherm
5205,724,E334Q,1.68,,7.5,P78352,3K82,ProTherm
5206,724,E401R,-6.93,,7.5,P78352,3K82,ProTherm
5207,724,E401R,-4.3,,7.5,P78352,3K82,ProTherm
5208,724,E401R,-5.49,,7.5,P78352,3K82,ProTherm
5245,132,P39G,5.38,,7.5,P02689,6EW2,ProTherm
5246,132,I43N,7.63,,7.5,P02689,6EW2,ProTherm
5247,132,T51P,1.51,,7.5,P02689,6EW2,ProTherm
5248,132,I52T,5.17,,7.5,P02689,6EW2,ProTherm
5244,132,F58A,1.91,,7.5,P02689,6EW2,ProTherm
5312,176,E2A,0.23,,7.4,P81662,2KS4,ProTherm
5313,176,D9A,-1.26,,7.4,P81662,2KS4,ProTherm
13741,217,Q199R,-0.48,20.0,7.0,P16304,2EU8,ProTherm
14371,78,S23A,0.8,4.0,7.0,P69776,1EQ7,ProTherm
14372,78,Y76A,1.1,4.0,7.0,P69776,1EQ7,ProTherm
12524,424,T119I,0.81,25.0,7.0,P69168,1G3P,ProTherm
12525,424,T119I,0.67,25.0,7.0,P69168,1G3P,ProTherm
14164,1362,A89V,0.79,10.0,7.5,O60885,3MXF,ProTherm
14176,1362,A89V,-0.99,10.0,7.5,O60885,3MXF,ProTherm
14168,1362,A420D,-4.93,10.0,7.5,O60885,3MXF,ProTherm
14180,1362,A420D,-0.44,10.0,7.5,O60885,3MXF,ProTherm
14167,726,H395R,-1.12,10.0,7.5,Q15059,3S92,ProTherm
14179,726,H395R,-2.03,10.0,7.5,Q15059,3S92,ProTherm
13744,923,C450A,-0.48,20.0,7.0,O49003,2V0U,ProTherm
8974,128,L25A,1.6,25.0,5.0,P0ABE7,6BQG,ProTherm
8975,128,L32A,1.86,25.0,5.0,P0ABE7,6BQG,ProTherm
8976,128,L36A,1.92,25.0,5.0,P0ABE7,6BQG,ProTherm
8977,128,K37A,0.2,25.0,5.0,P0ABE7,6BQG,ProTherm
8978,128,I39A,1.3,25.0,5.0,P0ABE7,6BQG,ProTherm
8979,128,E40A,-1.3,25.0,5.0,P0ABE7,6BQG,ProTherm
8980,128,A42G,1.97,25.0,5.0,P0ABE7,6BQG,ProTherm
8981,128,A45G,2.38,25.0,5.0,P0ABE7,6BQG,ProTherm
8982,128,K49A,0.17,25.0,5.0,P0ABE7,6BQG,ProTherm
8983,128,K49G,1.0,25.0,5.0,P0ABE7,6BQG,ProTherm
8984,128,L52A,2.83,25.0,5.0,P0ABE7,6BQG,ProTherm
7007,128,M55A,-3.5,64.6,5.0,P0ABE7,6BQG,ProTherm
8985,128,M55A,2.97,25.0,5.0,P0ABE7,6BQG,ProTherm
8986,128,R56A,2.25,25.0,5.0,P0ABE7,6BQG,ProTherm
8987,128,R56G,3.26,25.0,5.0,P0ABE7,6BQG,ProTherm
7008,128,A58G,-2.71,64.6,5.0,P0ABE7,6BQG,ProTherm
8988,128,A58G,2.61,25.0,5.0,P0ABE7,6BQG,ProTherm
8989,128,A59G,4.15,25.0,5.0,P0ABE7,6BQG,ProTherm
8990,128,L60G,1.44,25.0,5.0,P0ABE7,6BQG,ProTherm
8991,128,A62G,0.57,25.0,5.0,P0ABE7,6BQG,ProTherm
7009,128,L70A,-4.23,64.6,5.0,P0ABE7,6BQG,ProTherm
8992,128,L70A,3.73,25.0,5.0,P0ABE7,6BQG,ProTherm
8993,128,K73G,1.32,25.0,5.0,P0ABE7,6BQG,ProTherm
7010,128,M80A,-3.61,64.6,5.0,P0ABE7,6BQG,ProTherm
8994,128,M80A,2.91,25.0,5.0,P0ABE7,6BQG,ProTherm
7011,128,F83A,-5.45,64.6,5.0,P0ABE7,6BQG,ProTherm
8995,128,F83A,4.52,25.0,5.0,P0ABE7,6BQG,ProTherm
7012,128,F87A,-2.5,64.6,5.0,P0ABE7,6BQG,ProTherm
8996,128,F87A,1.92,25.0,5.0,P0ABE7,6BQG,ProTherm
7013,128,L90A,-4.03,64.6,5.0,P0ABE7,6BQG,ProTherm
8997,128,L90A,3.88,25.0,5.0,P0ABE7,6BQG,ProTherm
8998,128,V91G,3.61,25.0,5.0,P0ABE7,6BQG,ProTherm
7014,128,I94A,-4.67,64.6,5.0,P0ABE7,6BQG,ProTherm
8999,128,I94A,4.79,25.0,5.0,P0ABE7,6BQG,ProTherm
9000,128,D95A,1.57,25.0,5.0,P0ABE7,6BQG,ProTherm
7015,128,L98A,-3.43,64.6,5.0,P0ABE7,6BQG,ProTherm
9001,128,L98A,3.48,25.0,5.0,P0ABE7,6BQG,ProTherm
7016,128,V106A,-3.85,64.6,5.0,P0ABE7,6BQG,ProTherm
9002,128,V106A,3.42,25.0,5.0,P0ABE7,6BQG,ProTherm
7017,128,A109G,-3.03,64.6,5.0,P0ABE7,6BQG,ProTherm
9003,128,A109G,3.2,25.0,5.0,P0ABE7,6BQG,ProTherm
7018,128,A112G,-2.87,64.6,5.0,P0ABE7,6BQG,ProTherm
9004,128,A112G,2.34,25.0,5.0,P0ABE7,6BQG,ProTherm
9005,128,A113G,1.6,25.0,5.0,P0ABE7,6BQG,ProTherm
7019,128,L116A,-1.73,64.6,5.0,P0ABE7,6BQG,ProTherm
9006,128,L116A,1.5,25.0,5.0,P0ABE7,6BQG,ProTherm
9007,128,Y123A,-0.52,25.0,5.0,P0ABE7,6BQG,ProTherm
11090,133,F17Y,3.44,25.0,8.0,P05413,2HMB,ProTherm
11093,133,T41E,3.27,25.0,8.0,P05413,2HMB,ProTherm
11094,133,T41Q,4.37,25.0,8.0,P05413,2HMB,ProTherm
11095,133,T41V,1.84,25.0,8.0,P05413,2HMB,ProTherm
11091,133,F58S,3.63,25.0,8.0,P05413,2HMB,ProTherm
11096,133,R107T,3.54,25.0,8.0,P05413,2HMB,ProTherm
11097,133,R127K,4.66,25.0,8.0,P05413,2HMB,ProTherm
11098,133,R127Q,0.62,25.0,8.0,P05413,2HMB,ProTherm
11092,133,Y129F,3.82,25.0,8.0,P05413,2HMB,ProTherm
8269,1149,Q8R,0.16,37.0,6.0,P23074,2JYS,ProTherm
8273,1149,Q8R,-0.12,37.0,7.2,P23074,2JYS,ProTherm
8270,1149,H22L,0.27,37.0,6.0,P23074,2JYS,ProTherm
8274,1149,H22L,-0.41,37.0,7.2,P23074,2JYS,ProTherm
8271,1149,S25T,-0.44,37.0,6.0,P23074,2JYS,ProTherm
8275,1149,S25T,-0.49,37.0,7.2,P23074,2JYS,ProTherm
8272,1149,T28D,-0.06,37.0,6.0,P23074,2JYS,ProTherm
8276,1149,T28D,-0.05,37.0,7.2,P23074,2JYS,ProTherm
8312,346,W28A,3.6,37.0,9.2,P0A910,1QJP,ProTherm
8313,346,W36A,2.0,37.0,9.2,P0A910,1QJP,ProTherm
8316,346,Y64A,3.8,37.0,9.2,P0A910,1QJP,ProTherm
8321,346,F72A,1.2,37.0,9.2,P0A910,1QJP,ProTherm
8317,346,Y76A,2.5,37.0,9.2,P0A910,1QJP,ProTherm
8314,346,W78A,2.0,37.0,9.2,P0A910,1QJP,ProTherm
8322,346,F144A,2.1,37.0,9.2,P0A910,1QJP,ProTherm
8318,346,Y150A,2.7,37.0,9.2,P0A910,1QJP,ProTherm
8319,346,Y162A,3.3,37.0,9.2,P0A910,1QJP,ProTherm
8315,346,W164A,3.1,37.0,9.2,P0A910,1QJP,ProTherm
8320,346,Y189A,0.2,37.0,9.2,P0A910,1QJP,ProTherm
8323,346,F191A,2.4,37.0,9.2,P0A910,1QJP,ProTherm
10305,211,H57A,3.9,25.0,4.0,P08505,2L3Y,ProTherm
10308,211,H57A,0.3,25.0,7.4,P08505,2L3Y,ProTherm
10306,211,W60A,2.0,25.0,4.0,P08505,2L3Y,ProTherm
10307,211,W60A,1.7,25.0,7.4,P08505,2L3Y,ProTherm
10309,211,W60A,-3.1,25.0,7.4,P08505,2L3Y,ProTherm
8336,190,W30F,0.48,37.0,7.2,P62166,2LCP,ProTherm
8335,190,R102Q,-0.58,37.0,7.2,P62166,2LCP,ProTherm
8337,190,R102Q,1.06,37.0,7.2,P62166,2LCP,ProTherm
8334,190,W103F,-0.65,37.0,7.2,P62166,2LCP,ProTherm
8338,677,H520A,-11.8,37.0,5.0,Q9H334,2KIU,ProTherm
8339,677,H520A,-12.9,37.0,6.0,Q9H334,2KIU,ProTherm
8340,677,H520A,-11.3,37.0,7.8,Q9H334,2KIU,ProTherm
8409,145,F44Y,-1.5,30.0,8.0,P00593,1BP2,ProTherm
8410,145,F44I,-2.7,30.0,8.0,P00593,1BP2,ProTherm
8411,145,F44A,-0.5,30.0,8.0,P00593,1BP2,ProTherm
8388,145,H70N,3.0,30.0,8.0,P00593,1BP2,ProTherm
8389,145,H70Q,0.6,30.0,8.0,P00593,1BP2,ProTherm
8390,145,H70A,3.1,30.0,8.0,P00593,1BP2,ProTherm
8412,145,F128Y,-0.6,30.0,8.0,P00593,1BP2,ProTherm
8413,145,F128I,-1.9,30.0,8.0,P00593,1BP2,ProTherm
10808,145,F128A,0.9,25.0,8.0,P00593,1BP2,ProTherm
8420,178,W35Y,6.91,30.0,7.1,P02754,1B0O,ProTherm
9934,137,K33D,1.1,25.0,7.5,P00094,1C2R,ProTherm
9935,137,K35E,0.9,25.0,7.5,P00094,1C2R,ProTherm
9936,137,K53E,-0.4,25.0,7.5,P00094,1C2R,ProTherm
13473,137,Y96C,0.0,20.0,7.5,P00094,1C2R,ProTherm
13475,137,Y96C,3.05,20.0,7.5,P00094,1C2R,ProTherm
13474,137,Y96F,-0.71,20.0,7.5,P00094,1C2R,ProTherm
13476,137,Y96F,2.7,20.0,7.5,P00094,1C2R,ProTherm
8428,99,Y12F,-0.43,28.0,5.5,P07311,2K7J,ProTherm
8429,99,Y12I,2.22,28.0,5.5,P07311,2K7J,ProTherm
8430,99,V18A,1.84,28.0,5.5,P07311,2K7J,ProTherm
8431,99,V21A,0.29,28.0,5.5,P07311,2K7J,ProTherm
8432,99,F23L,1.29,28.0,5.5,P07311,2K7J,ProTherm
8449,99,A29E,-0.41,28.0,5.5,P07311,2K7J,ProTherm
8433,99,E30D,3.47,28.0,5.5,P07311,2K7J,ProTherm
8450,99,G31A,-1.74,28.0,5.5,P07311,2K7J,ProTherm
8434,99,V37A,2.53,28.0,5.5,P07311,2K7J,ProTherm
8435,99,W39F,0.02,28.0,5.5,P07311,2K7J,ProTherm
8436,99,V40A,1.63,28.0,5.5,P07311,2K7J,ProTherm
8437,99,T43A,1.84,28.0,5.5,P07311,2K7J,ProTherm
8438,99,G46A,1.72,28.0,5.5,P07311,2K7J,ProTherm
8439,99,V48A,1.86,28.0,5.5,P07311,2K7J,ProTherm
8440,99,P55A,0.45,28.0,5.5,P07311,2K7J,ProTherm
8441,99,M62A,3.97,28.0,5.5,P07311,2K7J,ProTherm
8442,99,W65A,1.51,28.0,5.5,P07311,2K7J,ProTherm
8443,99,P72A,1.6,28.0,5.5,P07311,2K7J,ProTherm
8444,99,I76V,1.41,28.0,5.5,P07311,2K7J,ProTherm
8445,99,E84D,1.51,28.0,5.5,P07311,2K7J,ProTherm
8446,99,I87V,1.77,28.0,5.5,P07311,2K7J,ProTherm
8447,99,L90A,1.67,28.0,5.5,P07311,2K7J,ProTherm
8448,99,F95L,4.33,28.0,5.5,P07311,2K7J,ProTherm
8560,113,P7A,0.2,25.0,7.5,P08463,1SCE,ProTherm
8561,113,P20A,0.3,25.0,7.5,P08463,1SCE,ProTherm
8570,113,S28A,0.34,25.0,7.5,P08463,1SCE,ProTherm
8571,113,S28G,-0.89,25.0,7.5,P08463,1SCE,ProTherm
8562,113,P29A,-0.23,25.0,7.5,P08463,1SCE,ProTherm
8563,113,P44A,3.04,25.0,7.5,P08463,1SCE,ProTherm
8564,113,P52A,2.57,25.0,7.5,P08463,1SCE,ProTherm
8565,113,P58A,0.35,25.0,7.5,P08463,1SCE,ProTherm
8572,113,V89A,0.24,25.0,7.5,P08463,1SCE,ProTherm
8573,113,V89G,-0.81,25.0,7.5,P08463,1SCE,ProTherm
8566,113,P90A,-1.19,25.0,7.5,P08463,1SCE,ProTherm
8568,113,P90G,-1.33,25.0,7.5,P08463,1SCE,ProTherm
11497,113,P90V,0.63,25.0,7.1,P08463,1SCE,ProTherm
11499,113,P90V,0.62,25.0,7.1,P08463,1SCE,ProTherm
8567,113,P92A,-0.07,25.0,7.5,P08463,1SCE,ProTherm
8569,113,P92G,-0.07,25.0,7.5,P08463,1SCE,ProTherm
11498,113,P92V,0.18,25.0,7.1,P08463,1SCE,ProTherm
11500,113,P92V,0.08,25.0,7.1,P08463,1SCE,ProTherm
8614,269,R120Q,1.0,25.0,6.5,P01584,1IOB,ProTherm
8615,269,R120P,0.4,25.0,6.5,P01584,1IOB,ProTherm
8616,269,L122A,3.1,25.0,6.5,P01584,1IOB,ProTherm
8617,269,N123G,2.6,25.0,6.5,P01584,1IOB,ProTherm
8618,269,N123D,-0.43,25.0,6.5,P01584,1IOB,ProTherm
8619,269,C124A,2.52,25.0,6.5,P01584,1IOB,ProTherm
8620,269,C124S,4.8,25.0,6.5,P01584,1IOB,ProTherm
8621,269,T125G,3.7,25.0,6.5,P01584,1IOB,ProTherm
9314,269,T125G,3.7,25.0,6.5,P01584,1IOB,ProTherm
8622,269,T125Q,3.4,25.0,6.5,P01584,1IOB,ProTherm
9313,269,T125Q,2.8,25.0,6.5,P01584,1IOB,ProTherm
9311,269,T125A,2.1,25.0,6.5,P01584,1IOB,ProTherm
9312,269,T125L,3.1,25.0,6.5,P01584,1IOB,ProTherm
8623,269,L126A,5.1,25.0,6.5,P01584,1IOB,ProTherm
9315,269,K213R,3.1,25.0,6.5,P01584,1IOB,ProTherm
9316,269,K213G,2.1,25.0,6.5,P01584,1IOB,ProTherm
9317,269,K213V,-1.5,25.0,6.5,P01584,1IOB,ProTherm
9573,101,V6A,1.7,25.0,8.0,P23370,1RIS,ProTherm
9588,101,V6A,4.1,25.0,8.0,P23370,1RIS,ProTherm
9604,101,V6A,1.2,25.0,8.0,P23370,1RIS,ProTherm
9620,101,V6A,4.5,25.0,8.0,P23370,1RIS,ProTherm
9574,101,I8A,2.9,25.0,8.0,P23370,1RIS,ProTherm
9589,101,I8A,4.4,25.0,8.0,P23370,1RIS,ProTherm
9605,101,I8A,2.9,25.0,8.0,P23370,1RIS,ProTherm
9621,101,I8A,3.8,25.0,8.0,P23370,1RIS,ProTherm
9575,101,L21A,-1.2,25.0,8.0,P23370,1RIS,ProTherm
9590,101,L21A,1.2,25.0,8.0,P23370,1RIS,ProTherm
9606,101,L21A,0.7,25.0,8.0,P23370,1RIS,ProTherm
9622,101,L21A,1.6,25.0,8.0,P23370,1RIS,ProTherm
9576,101,E22Q,0.4,25.0,8.0,P23370,1RIS,ProTherm
9591,101,E22Q,0.5,25.0,8.0,P23370,1RIS,ProTherm
9607,101,E22Q,1.9,25.0,8.0,P23370,1RIS,ProTherm
9623,101,E22Q,-0.4,25.0,8.0,P23370,1RIS,ProTherm
9577,101,I26A,2.8,25.0,8.0,P23370,1RIS,ProTherm
9592,101,I26A,3.0,25.0,8.0,P23370,1RIS,ProTherm
9608,101,I26A,2.6,25.0,8.0,P23370,1RIS,ProTherm
9624,101,I26A,3.2,25.0,8.0,P23370,1RIS,ProTherm
9578,101,Y33A,-0.6,25.0,8.0,P23370,1RIS,ProTherm
9593,101,Y33A,-1.2,25.0,8.0,P23370,1RIS,ProTherm
9609,101,Y33A,-2.4,25.0,8.0,P23370,1RIS,ProTherm
9625,101,Y33A,2.1,25.0,8.0,P23370,1RIS,ProTherm
9579,101,A35G,0.2,25.0,8.0,P23370,1RIS,ProTherm
9594,101,A35G,0.6,25.0,8.0,P23370,1RIS,ProTherm
9610,101,A35G,0.2,25.0,8.0,P23370,1RIS,ProTherm
9626,101,A35G,0.7,25.0,8.0,P23370,1RIS,ProTherm
9580,101,V37A,3.0,25.0,8.0,P23370,1RIS,ProTherm
9595,101,V37A,3.1,25.0,8.0,P23370,1RIS,ProTherm
9611,101,V37A,0.9,25.0,8.0,P23370,1RIS,ProTherm
9627,101,V37A,2.3,25.0,8.0,P23370,1RIS,ProTherm
8640,101,L48A,0.3,25.0,8.0,P23370,1RIS,ProTherm
9596,101,L48A,0.3,25.0,8.0,P23370,1RIS,ProTherm
9612,101,L48A,-0.8,25.0,8.0,P23370,1RIS,ProTherm
9628,101,L48A,3.0,25.0,8.0,P23370,1RIS,ProTherm
9581,101,I52A,1.0,25.0,8.0,P23370,1RIS,ProTherm
9597,101,I52A,1.0,25.0,8.0,P23370,1RIS,ProTherm
9613,101,I52A,-0.7,25.0,8.0,P23370,1RIS,ProTherm
9629,101,I52A,-0.7,25.0,8.0,P23370,1RIS,ProTherm
9582,101,F60A,-0.3,25.0,8.0,P23370,1RIS,ProTherm
9598,101,F60A,2.2,25.0,8.0,P23370,1RIS,ProTherm
9614,101,F60A,1.5,25.0,8.0,P23370,1RIS,ProTherm
9630,101,F60A,1.2,25.0,8.0,P23370,1RIS,ProTherm
9583,101,V65A,2.3,25.0,8.0,P23370,1RIS,ProTherm
9599,101,V65A,3.0,25.0,8.0,P23370,1RIS,ProTherm
9615,101,V65A,2.8,25.0,8.0,P23370,1RIS,ProTherm
9631,101,V65A,2.9,25.0,8.0,P23370,1RIS,ProTherm
9584,101,L75A,0.7,25.0,8.0,P23370,1RIS,ProTherm
9600,101,L75A,0.9,25.0,8.0,P23370,1RIS,ProTherm
9616,101,L75A,0.8,25.0,8.0,P23370,1RIS,ProTherm
9632,101,L75A,0.7,25.0,8.0,P23370,1RIS,ProTherm
9585,101,L79A,2.7,25.0,8.0,P23370,1RIS,ProTherm
9601,101,L79A,3.6,25.0,8.0,P23370,1RIS,ProTherm
9617,101,L79A,3.9,25.0,8.0,P23370,1RIS,ProTherm
9633,101,L79A,4.1,25.0,8.0,P23370,1RIS,ProTherm
9586,101,V85A,2.9,25.0,8.0,P23370,1RIS,ProTherm
9602,101,V85A,3.5,25.0,8.0,P23370,1RIS,ProTherm
9618,101,V85A,2.3,25.0,8.0,P23370,1RIS,ProTherm
9634,101,V85A,1.9,25.0,8.0,P23370,1RIS,ProTherm
9587,101,V88A,1.2,25.0,8.0,P23370,1RIS,ProTherm
9603,101,V88A,1.1,25.0,8.0,P23370,1RIS,ProTherm
9619,101,V88A,3.0,25.0,8.0,P23370,1RIS,ProTherm
9635,101,V88A,2.0,25.0,8.0,P23370,1RIS,ProTherm
10009,66,R23A,0.9,25.0,7.0,P19614,1MSI,ProTherm
10015,66,R23A,0.5,25.0,7.0,P19614,1MSI,ProTherm
10010,66,E25A,-0.02,25.0,7.0,P19614,1MSI,ProTherm
10016,66,E25A,0.06,25.0,7.0,P19614,1MSI,ProTherm
10013,66,D36A,-0.95,25.0,7.0,P19614,1MSI,ProTherm
10018,66,D36A,-0.86,25.0,7.0,P19614,1MSI,ProTherm
10014,66,R39A,0.63,25.0,7.0,P19614,1MSI,ProTherm
10019,66,R39A,0.75,25.0,7.0,P19614,1MSI,ProTherm
8646,66,R47A,0.44,25.0,7.0,P19614,1MSI,ProTherm
10011,66,R47A,0.67,25.0,7.0,P19614,1MSI,ProTherm
10012,66,D58N,0.12,25.0,7.0,P19614,1MSI,ProTherm
10017,66,D58N,0.0,25.0,7.0,P19614,1MSI,ProTherm
8699,141,Y53F,0.6,25.0,7.0,P30289,1MGR,ProTherm
8700,141,Y75F,-0.5,25.0,7.0,P30289,1MGR,ProTherm
8701,141,Y96F,2.6,25.0,7.0,P30289,1MGR,ProTherm
8702,141,Y97F,2.1,25.0,7.0,P30289,1MGR,ProTherm
8703,141,Y100F,0.7,25.0,7.0,P30289,1MGR,ProTherm
8704,141,Y125F,1.5,25.0,7.0,P30289,1MGR,ProTherm
8705,141,Y126F,1.0,25.0,7.0,P30289,1MGR,ProTherm
8706,141,Y131F,0.0,25.0,7.0,P30289,1MGR,ProTherm
8812,131,Y16S,-11.9,25.0,7.0,P07445,1OH0,ProTherm
8813,131,Y32S,-13.7,25.0,7.0,P07445,1OH0,ProTherm
8814,131,Y57S,-9.5,25.0,7.0,P07445,1OH0,ProTherm
8837,92,L4A,1.2,25.0,7.2,P04271,1UWO,ProTherm
8842,92,L4A,-0.53,25.0,7.2,P04271,1UWO,ProTherm
8838,92,L4S,2.77,25.0,7.2,P04271,1UWO,ProTherm
8843,92,L4S,-1.91,25.0,7.2,P04271,1UWO,ProTherm
8839,92,M8A,5.26,25.0,7.2,P04271,1UWO,ProTherm
8844,92,M8A,0.65,25.0,7.2,P04271,1UWO,ProTherm
8840,92,I12A,4.13,25.0,7.2,P04271,1UWO,ProTherm
8845,92,I12A,-1.08,25.0,7.2,P04271,1UWO,ProTherm
8841,92,F15A,7.53,25.0,7.2,P04271,1UWO,ProTherm
8846,92,F15A,3.42,25.0,7.2,P04271,1UWO,ProTherm
10517,34350,Y12685P,2.2,25.0,7.4,Q8WZ42,1TIT,ProTherm
10518,34350,Y12685G,0.8,25.0,7.4,Q8WZ42,1TIT,ProTherm
10519,34350,Y12685F,0.4,25.0,7.4,Q8WZ42,1TIT,ProTherm
10520,34350,Y12685S,0.2,25.0,7.4,Q8WZ42,1TIT,ProTherm
9285,34350,V12689A,-2.37,25.0,7.4,Q8WZ42,1TIT,ProTherm
9286,34350,I12699A,-2.89,25.0,7.4,Q8WZ42,1TIT,ProTherm
9287,34350,L12717A,-2.67,25.0,7.4,Q8WZ42,1TIT,ProTherm
9288,34350,L12734A,-3.61,25.0,7.4,Q8WZ42,1TIT,ProTherm
9289,34350,L12736A,-5.27,25.0,7.4,Q8WZ42,1TIT,ProTherm
8970,34350,C12739S,-5.43,25.0,7.3,Q8WZ42,1TIT,ProTherm
9290,34350,F12749L,-3.06,25.0,7.4,Q8WZ42,1TIT,ProTherm
9291,34350,V12762A,-4.78,25.0,7.4,Q8WZ42,1TIT,ProTherm
9244,262,S48A,0.3,25.0,6.0,P02945,2BRD,ProTherm
9245,262,D49A,0.9,25.0,6.0,P02945,2BRD,ProTherm
9246,262,P50A,0.2,25.0,6.0,P02945,2BRD,ProTherm
9247,262,D51A,0.5,25.0,6.0,P02945,2BRD,ProTherm
9248,262,K53A,0.3,25.0,6.0,P02945,2BRD,ProTherm
9249,262,K54A,1.6,25.0,6.0,P02945,2BRD,ProTherm
9250,262,F55A,1.6,25.0,6.0,P02945,2BRD,ProTherm
9251,262,Y56A,1.3,25.0,6.0,P02945,2BRD,ProTherm
9252,262,I58A,1.9,25.0,6.0,P02945,2BRD,ProTherm
9253,262,T59A,2.2,25.0,6.0,P02945,2BRD,ProTherm
9254,262,T60A,1.0,25.0,6.0,P02945,2BRD,ProTherm
9255,262,L61A,0.1,25.0,6.0,P02945,2BRD,ProTherm
9256,262,V62A,-0.7,25.0,6.0,P02945,2BRD,ProTherm
9257,262,P63A,-0.1,25.0,6.0,P02945,2BRD,ProTherm
9258,262,I65A,1.4,25.0,6.0,P02945,2BRD,ProTherm
9259,262,F67A,1.0,25.0,6.0,P02945,2BRD,ProTherm
9260,262,T68A,0.1,25.0,6.0,P02945,2BRD,ProTherm
9261,262,M69A,-1.4,25.0,6.0,P02945,2BRD,ProTherm
9262,262,Y70A,3.7,25.0,6.0,P02945,2BRD,ProTherm
9263,262,L71A,-0.3,25.0,6.0,P02945,2BRD,ProTherm
9264,262,S72A,-0.1,25.0,6.0,P02945,2BRD,ProTherm
9265,262,M73A,0.8,25.0,6.0,P02945,2BRD,ProTherm
9266,262,L74A,-0.7,25.0,6.0,P02945,2BRD,ProTherm
9267,262,L75A,-0.5,25.0,6.0,P02945,2BRD,ProTherm
9300,97,I3C,0.4,25.0,7.8,P0A6F9,1AON,ProTherm
9301,97,I3W,0.4,25.0,7.8,P0A6F9,1AON,ProTherm
9302,97,V95C,0.3,25.0,7.8,P0A6F9,1AON,ProTherm
11382,129,D12A,-2.5,25.0,7.0,P0AE67,1CEY,ProTherm
11383,129,D13A,-2.7,25.0,7.0,P0AE67,1CEY,ProTherm
9798,129,F14N,-2.9,25.0,8.0,P0AE67,1CEY,ProTherm
9868,129,F14N,-2.9,25.0,7.0,P0AE67,1CEY,ProTherm
9799,129,A48G,-0.2,25.0,8.0,P0AE67,1CEY,ProTherm
11384,129,D57A,-3.3,25.0,7.0,P0AE67,1CEY,ProTherm
9800,129,A74G,0.3,25.0,8.0,P0AE67,1CEY,ProTherm
9801,129,A77G,0.3,25.0,8.0,P0AE67,1CEY,ProTherm
9802,129,A80G,-0.6,25.0,8.0,P0AE67,1CEY,ProTherm
9803,129,A88G,-0.1,25.0,8.0,P0AE67,1CEY,ProTherm
9804,129,A90G,-0.5,25.0,8.0,P0AE67,1CEY,ProTherm
9805,129,A99G,0.5,25.0,8.0,P0AE67,1CEY,ProTherm
9806,129,A101G,1.0,25.0,8.0,P0AE67,1CEY,ProTherm
9807,129,A113G,0.8,25.0,8.0,P0AE67,1CEY,ProTherm
9808,129,A114G,0.5,25.0,8.0,P0AE67,1CEY,ProTherm
10361,396,F2A,7.3,25.0,7.5,P00509,1AMQ,ProTherm
10362,396,F2A,7.4,25.0,7.5,P00509,1AMQ,ProTherm
10363,396,E3A,3.8,25.0,7.5,P00509,1AMQ,ProTherm
10364,396,E3A,3.0,25.0,7.5,P00509,1AMQ,ProTherm
10365,396,I5A,4.9,25.0,7.5,P00509,1AMQ,ProTherm
10366,396,I5A,5.1,25.0,7.5,P00509,1AMQ,ProTherm
10367,396,T6A,1.3,25.0,7.5,P00509,1AMQ,ProTherm
10368,396,D11A,5.8,25.0,7.5,P00509,1AMQ,ProTherm
10369,396,D11A,5.9,25.0,7.5,P00509,1AMQ,ProTherm
10370,396,D11A,5.1,25.0,7.5,P00509,1AMQ,ProTherm
10371,396,K63M,5.4,25.0,7.5,P00509,1AMQ,ProTherm
10372,396,K63M,4.7,25.0,7.5,P00509,1AMQ,ProTherm
10373,396,K63E,5.2,25.0,7.5,P00509,1AMQ,ProTherm
10374,396,K63E,4.5,25.0,7.5,P00509,1AMQ,ProTherm
10749,396,C77A,1.3,25.0,7.5,P00509,1AMQ,ProTherm
10750,396,C180A,2.2,25.0,7.5,P00509,1AMQ,ProTherm
10751,396,C180S,1.8,25.0,7.5,P00509,1AMQ,ProTherm
10752,396,C181A,1.6,25.0,7.5,P00509,1AMQ,ProTherm
10375,396,E253Q,6.3,25.0,7.5,P00509,1AMQ,ProTherm
10376,396,E253Q,5.4,25.0,7.5,P00509,1AMQ,ProTherm
10377,396,E253K,7.6,25.0,7.5,P00509,1AMQ,ProTherm
10378,396,E253K,7.1,25.0,7.5,P00509,1AMQ,ProTherm
10379,396,R254K,7.6,25.0,7.5,P00509,1AMQ,ProTherm
10380,396,R254K,5.0,25.0,7.5,P00509,1AMQ,ProTherm
10381,396,R254M,3.8,25.0,7.5,P00509,1AMQ,ProTherm
10382,396,R254M,3.4,25.0,7.5,P00509,1AMQ,ProTherm
10753,396,C258A,2.5,25.0,7.5,P00509,1AMQ,ProTherm
10383,396,N282D,0.0,25.0,7.5,P00509,1AMQ,ProTherm
10384,396,N282D,-0.8,25.0,7.5,P00509,1AMQ,ProTherm
10385,396,N282R,2.6,25.0,7.5,P00509,1AMQ,ProTherm
10386,396,N285R,4.4,25.0,7.5,P00509,1AMQ,ProTherm
10387,396,N285R,5.9,25.0,7.5,P00509,1AMQ,ProTherm
10754,396,C389A,-3.2,25.0,7.5,P00509,1AMQ,ProTherm
10415,365,H257L,2.5,25.0,8.3,P0A434,1DPM,ProTherm
10416,365,H257L,2.5,25.0,8.3,P0A434,1DPM,ProTherm
10417,365,H257L,5.0,25.0,8.3,P0A434,1DPM,ProTherm
11359,79,L10V,2.2,25.0,7.0,P02633,1IGV,ProTherm
11360,79,F14A,4.83,25.0,7.0,P02633,1IGV,ProTherm
10539,79,Y17F,1.19,25.0,7.1,P02633,1IGV,ProTherm
10445,79,E21Q,-0.38,25.0,7.0,P02633,1IGV,ProTherm
10540,79,E21Q,-0.48,25.0,7.1,P02633,1IGV,ProTherm
10446,79,D23N,-0.74,25.0,7.0,P02633,1IGV,ProTherm
10538,79,P24G,1.19,25.0,7.1,P02633,1IGV,ProTherm
11361,79,L27A,3.73,25.0,7.0,P02633,1IGV,ProTherm
11362,79,L27G,4.28,25.0,7.0,P02633,1IGV,ProTherm
10447,79,E30Q,-0.09,25.0,7.0,P02633,1IGV,ProTherm
11363,79,L32A,2.7,25.0,7.0,P02633,1IGV,ProTherm
11364,79,V65A,3.78,25.0,7.0,P02633,1IGV,ProTherm
11365,79,V65G,4.35,25.0,7.0,P02633,1IGV,ProTherm
11366,79,F70W,2.34,25.0,7.0,P02633,1IGV,ProTherm
11367,79,F70A,4.97,25.0,7.0,P02633,1IGV,ProTherm
11368,79,V74L,1.2,25.0,7.0,P02633,1IGV,ProTherm
11369,79,I77V,1.53,25.0,7.0,P02633,1IGV,ProTherm
10470,186,W42A,0.98,25.0,8.0,P37001,1THQ,ProTherm
10489,186,W42A,6.21,25.0,8.0,P37001,1THQ,ProTherm
10471,186,Y48A,0.91,25.0,8.0,P37001,1THQ,ProTherm
10490,186,Y48A,6.16,25.0,8.0,P37001,1THQ,ProTherm
10474,186,D49N,0.6,25.0,8.0,P37001,1THQ,ProTherm
10493,186,D49N,5.98,25.0,8.0,P37001,1THQ,ProTherm
10472,186,W76A,0.45,25.0,8.0,P37001,1THQ,ProTherm
10491,186,W76A,5.88,25.0,8.0,P37001,1THQ,ProTherm
10465,186,F80A,1.05,25.0,8.0,P37001,1THQ,ProTherm
10484,186,F80A,6.25,25.0,8.0,P37001,1THQ,ProTherm
10475,186,S83A,1.26,25.0,8.0,P37001,1THQ,ProTherm
10494,186,S83A,6.37,25.0,8.0,P37001,1THQ,ProTherm
10476,186,M97A,0.34,25.0,8.0,P37001,1THQ,ProTherm
10495,186,M97A,5.82,25.0,8.0,P37001,1THQ,ProTherm
10466,186,A110G,0.87,25.0,8.0,P37001,1THQ,ProTherm
10467,186,Y112F,1.37,25.0,8.0,P37001,1THQ,ProTherm
10486,186,Y112F,6.45,25.0,8.0,P37001,1THQ,ProTherm
10485,186,Y112G,6.14,25.0,8.0,P37001,1THQ,ProTherm
10477,186,E115A,0.66,25.0,8.0,P37001,1THQ,ProTherm
10496,186,E115A,6.01,25.0,8.0,P37001,1THQ,ProTherm
10478,186,R119A,1.53,25.0,8.0,P37001,1THQ,ProTherm
10497,186,R119A,6.54,25.0,8.0,P37001,1THQ,ProTherm
10468,186,L130A,0.76,25.0,8.0,P37001,1THQ,ProTherm
10487,186,L130A,6.08,25.0,8.0,P37001,1THQ,ProTherm
10479,186,T133A,0.4,25.0,8.0,P37001,1THQ,ProTherm
10498,186,T133A,5.86,25.0,8.0,P37001,1THQ,ProTherm
10480,186,S155A,1.27,25.0,8.0,P37001,1THQ,ProTherm
10499,186,S155A,6.38,25.0,8.0,P37001,1THQ,ProTherm
10481,186,T162A,0.51,25.0,8.0,P37001,1THQ,ProTherm
10500,186,T162A,5.92,25.0,8.0,P37001,1THQ,ProTherm
10482,186,Q164A,0.97,25.0,8.0,P37001,1THQ,ProTherm
10501,186,Q164A,6.2,25.0,8.0,P37001,1THQ,ProTherm
10473,186,Y178A,0.55,25.0,8.0,P37001,1THQ,ProTherm
10492,186,Y178A,5.95,25.0,8.0,P37001,1THQ,ProTherm
10469,186,M182A,0.77,25.0,8.0,P37001,1THQ,ProTherm
10488,186,M182A,6.08,25.0,8.0,P37001,1THQ,ProTherm
10483,186,Q185A,-0.18,25.0,8.0,P37001,1THQ,ProTherm
10502,186,Q185A,5.5,25.0,8.0,P37001,1THQ,ProTherm
10840,416,Y49W,0.07,25.0,7.5,P00560,3PGK,ProTherm
10843,416,Y49W,0.56,25.0,7.5,P00560,3PGK,ProTherm
10847,416,Y49W,1.77,25.0,7.5,P00560,3PGK,ProTherm
10853,416,Y49W,4.83,25.0,7.5,P00560,3PGK,ProTherm
10841,416,Y123W,0.57,25.0,7.5,P00560,3PGK,ProTherm
10844,416,Y123W,0.91,25.0,7.5,P00560,3PGK,ProTherm
10848,416,Y123W,1.29,25.0,7.5,P00560,3PGK,ProTherm
10854,416,Y123W,5.65,25.0,7.5,P00560,3PGK,ProTherm
10839,416,F195W,-0.92,25.0,7.5,P00560,3PGK,ProTherm
10842,416,F195W,1.68,25.0,7.5,P00560,3PGK,ProTherm
10845,416,F195W,0.64,25.0,7.5,P00560,3PGK,ProTherm
10851,416,F195W,6.04,25.0,7.5,P00560,3PGK,ProTherm
10773,416,W309F,3.71,25.0,7.5,P00560,3PGK,ProTherm
10775,416,W309F,3.63,25.0,7.5,P00560,3PGK,ProTherm
10849,416,W309Y,-0.77,25.0,7.5,P00560,3PGK,ProTherm
10855,416,W309Y,3.5,25.0,7.5,P00560,3PGK,ProTherm
12628,416,W309Y,3.6,22.0,7.5,P00560,3PGK,ProTherm
10772,416,W334F,4.04,25.0,7.5,P00560,3PGK,ProTherm
10774,416,W334F,3.93,25.0,7.5,P00560,3PGK,ProTherm
12629,416,W334F,-2.2,22.0,7.5,P00560,3PGK,ProTherm
10850,416,W334Y,-1.4,25.0,7.5,P00560,3PGK,ProTherm
10856,416,W334Y,6.42,25.0,7.5,P00560,3PGK,ProTherm
10541,416,H389Q,0.84,25.0,6.5,P00560,3PGK,ProTherm
10846,416,L400W,2.68,25.0,7.5,P00560,3PGK,ProTherm
10852,416,L400W,3.31,25.0,7.5,P00560,3PGK,ProTherm
10544,104,K74M,1.0,25.0,7.5,P00025,1CYC,ProTherm
10545,104,K74Y,1.05,25.0,7.5,P00025,1CYC,ProTherm
10546,104,K74F,1.15,25.0,7.5,P00025,1CYC,ProTherm
10547,104,K74W,1.43,25.0,7.5,P00025,1CYC,ProTherm
10974,419,T51P,0.77,25.0,7.78,P00952,2TS1,ProTherm
10975,419,T51P,0.68,25.0,7.78,P00952,2TS1,ProTherm
10976,419,T51P,2.1,25.0,7.78,P00952,2TS1,ProTherm
10968,419,I52L,2.44,25.0,7.78,P00952,2TS1,ProTherm
10969,419,I52L,-1.33,25.0,7.78,P00952,2TS1,ProTherm
10970,419,I52L,-0.2,25.0,7.78,P00952,2TS1,ProTherm
10971,419,L105V,0.65,25.0,7.78,P00952,2TS1,ProTherm
10972,419,L105V,2.82,25.0,7.78,P00952,2TS1,ProTherm
10973,419,L105V,6.3,25.0,7.78,P00952,2TS1,ProTherm
11335,746,L266C,-6.88,25.0,7.0,P05825,1FEP,ProTherm
11334,746,S268C,-7.77,25.0,7.0,P05825,1FEP,ProTherm
11333,746,E270C,-6.83,25.0,7.0,P05825,1FEP,ProTherm
11332,746,E272C,-9.79,25.0,7.0,P05825,1FEP,ProTherm
11331,746,G274C,-7.93,25.0,7.0,P05825,1FEP,ProTherm
11330,746,S276C,-5.94,25.0,7.0,P05825,1FEP,ProTherm
11329,746,Q278C,-2.28,25.0,7.0,P05825,1FEP,ProTherm
11402,253,P105L,0.2,25.0,7.0,P04156,2LSB,ProTherm
11401,253,D178N,0.38,25.0,7.0,P04156,2LSB,ProTherm
11403,253,V203I,-0.06,25.0,7.0,P04156,2LSB,ProTherm
11400,253,Q212P,1.23,25.0,7.0,P04156,2LSB,ProTherm
11411,409,F289L,-0.7,25.0,7.6,P17778,1JL5,ProTherm
11412,409,F289L,-0.3,25.0,7.6,P17778,1JL5,ProTherm
11415,409,F289L,1.4,25.0,7.6,P17778,1JL5,ProTherm
11413,409,I309L,-0.2,25.0,7.6,P17778,1JL5,ProTherm
11414,409,I309L,-0.7,25.0,7.6,P17778,1JL5,ProTherm
11523,3388,L50S,2.81,25.0,6.0,P12823,1R6R,ProTherm
11524,3388,L54S,0.24,25.0,6.0,P12823,1R6R,ProTherm
11525,3388,L81N,6.84,25.0,6.0,P12823,1R6R,ProTherm
11526,3388,I88N,0.13,25.0,6.0,P12823,1R6R,ProTherm
12428,417,E252A,0.7,25.0,7.4,P00558,2WZB,ProTherm
12429,417,T378P,4.8,25.0,7.4,P00558,2WZB,ProTherm
12440,699,L566A,2.52,25.0,5.0,P20533,1K85,ProTherm
12441,699,S568A,-0.1,25.0,5.0,P20533,1K85,ProTherm
12442,699,I576A,3.11,25.0,5.0,P20533,1K85,ProTherm
12443,699,L578A,5.54,25.0,5.0,P20533,1K85,ProTherm
12444,699,V589A,1.77,25.0,5.0,P20533,1K85,ProTherm
12445,699,Y592F,1.77,25.0,5.0,P20533,1K85,ProTherm
12446,699,Y592L,5.97,25.0,5.0,P20533,1K85,ProTherm
12447,699,V594A,4.19,25.0,5.0,P20533,1K85,ProTherm
12448,699,N596A,1.0,25.0,5.0,P20533,1K85,ProTherm
12449,699,L600A,2.78,25.0,5.0,P20533,1K85,ProTherm
12450,699,T602A,-1.49,25.0,5.0,P20533,1K85,ProTherm
12451,699,V604A,1.58,25.0,5.0,P20533,1K85,ProTherm
12452,699,A609G,2.33,25.0,5.0,P20533,1K85,ProTherm
12453,699,I611A,3.63,25.0,5.0,P20533,1K85,ProTherm
12454,699,L614A,5.26,25.0,5.0,P20533,1K85,ProTherm
12455,699,Y620L,4.38,25.0,5.0,P20533,1K85,ProTherm
12456,699,Y620F,1.52,25.0,5.0,P20533,1K85,ProTherm
12457,699,F622L,2.5,25.0,5.0,P20533,1K85,ProTherm
12458,699,V624A,4.07,25.0,5.0,P20533,1K85,ProTherm
12459,699,A626G,1.88,25.0,5.0,P20533,1K85,ProTherm
12460,699,S637A,1.42,25.0,5.0,P20533,1K85,ProTherm
12461,699,V640A,1.66,25.0,5.0,P20533,1K85,ProTherm
12462,699,V642A,1.44,25.0,5.0,P20533,1K85,ProTherm
12488,289,K229A,-1.5,25.0,7.5,Q03689,2KJ3,ProTherm
12489,289,V239A,-1.0,25.0,7.5,Q03689,2KJ3,ProTherm
12490,289,L241A,-1.0,25.0,7.5,Q03689,2KJ3,ProTherm
12491,289,V264A,-1.0,25.0,7.5,Q03689,2KJ3,ProTherm
12492,289,V267A,-0.2,25.0,7.5,Q03689,2KJ3,ProTherm
12493,289,E272A,-1.9,25.0,7.5,Q03689,2KJ3,ProTherm
12494,289,S273A,-1.4,25.0,7.5,Q03689,2KJ3,ProTherm
12495,289,G278A,0.8,25.0,7.5,Q03689,2KJ3,ProTherm
12496,289,D288A,-1.2,25.0,7.5,Q03689,2KJ3,ProTherm
12545,1382,W1202F,-0.6,24.0,7.0,P06213,1IR3,ProTherm
12552,295,R232W,-0.6,23.0,7.5,P13726,1BOY,ProTherm
12650,282,Y13F,0.7,22.0,7.0,P09012,1OIA,ProTherm
12651,282,Y13T,1.3,22.0,7.0,P09012,1OIA,ProTherm
12652,282,Y31F,0.0,22.0,7.0,P09012,1OIA,ProTherm
12653,282,Y31S,2.3,22.0,7.0,P09012,1OIA,ProTherm
12654,282,Y78F,0.0,22.0,7.0,P09012,1OIA,ProTherm
12655,282,Y78D,5.1,22.0,7.0,P09012,1OIA,ProTherm
12656,282,Y86F,2.6,22.0,7.0,P09012,1OIA,ProTherm
12657,282,Y86T,2.9,22.0,7.0,P09012,1OIA,ProTherm
12710,281,D170N,0.43,20.0,6.5,P00807,1BLC,ProTherm
12961,142,G126D,1.71,20.0,7.82,P83876,1QGV,ProTherm
12966,352,W117F,-2.96,20.0,7.4,P03958,2ADA,ProTherm
12970,352,W117F,-6.52,20.0,7.4,P03958,2ADA,ProTherm
12967,352,W161F,-8.7,20.0,7.4,P03958,2ADA,ProTherm
12971,352,W161F,-5.98,20.0,7.4,P03958,2ADA,ProTherm
12968,352,W264F,-8.64,20.0,7.4,P03958,2ADA,ProTherm
12969,352,W272F,-1.25,20.0,7.4,P03958,2ADA,ProTherm
12972,352,W272F,-8.11,20.0,7.4,P03958,2ADA,ProTherm
13102,638,E100D,1.98,20.0,8.0,P10912,3HHR,ProTherm
13103,638,E100Q,1.24,20.0,8.0,P10912,3HHR,ProTherm
13104,638,E100A,1.41,20.0,8.0,P10912,3HHR,ProTherm
13105,638,E100S,1.11,20.0,8.0,P10912,3HHR,ProTherm
13106,638,E100T,1.72,20.0,8.0,P10912,3HHR,ProTherm
13107,638,E100L,1.24,20.0,8.0,P10912,3HHR,ProTherm
13114,1754,D1647A,0.82,20.0,7.4,P39060,1BNL,ProTherm
13115,1754,D1647A,6.95,20.0,7.4,P39060,1BNL,ProTherm
13382,210,S129A,0.26,20.0,7.9,P0ACJ8,1G6N,ProTherm
13383,210,S129P,-0.14,20.0,7.9,P0ACJ8,1G6N,ProTherm
13536,146,H70Q,1.03,20.0,7.0,P00592,1P2P,ProTherm
13537,146,H70N,2.28,20.0,7.0,P00592,1P2P,ProTherm
13538,146,H70K,3.21,20.0,7.0,P00592,1P2P,ProTherm
13540,7158,Y4220F,-2.15,20.0,7.0,Q23551,1WIT,ProTherm
13628,809,I72A,-0.85,20.0,7.5,P15917,1J7N,ProTherm
13629,809,I72A,-0.6,20.0,7.5,P15917,1J7N,ProTherm
13630,809,I72A,0.0,20.0,7.5,P15917,1J7N,ProTherm
13634,809,L95A,-1.39,20.0,7.5,P15917,1J7N,ProTherm
13635,809,L95A,-0.53,20.0,7.5,P15917,1J7N,ProTherm
13636,809,L95A,0.06,20.0,7.5,P15917,1J7N,ProTherm
13637,809,L95A,-3.07,20.0,7.5,P15917,1J7N,ProTherm
13638,809,L95A,-0.48,20.0,7.5,P15917,1J7N,ProTherm
13639,809,L95A,-0.8,20.0,7.5,P15917,1J7N,ProTherm
13640,809,V103A,-1.21,20.0,7.5,P15917,1J7N,ProTherm
13641,809,V103A,-0.5,20.0,7.5,P15917,1J7N,ProTherm
13642,809,V103A,-0.11,20.0,7.5,P15917,1J7N,ProTherm
13643,809,V103A,-1.67,20.0,7.5,P15917,1J7N,ProTherm
13644,809,V103A,-0.75,20.0,7.5,P15917,1J7N,ProTherm
13645,809,V103A,-1.4,20.0,7.5,P15917,1J7N,ProTherm
13631,809,M106A,-0.62,20.0,7.5,P15917,1J7N,ProTherm
13632,809,M106A,-0.5,20.0,7.5,P15917,1J7N,ProTherm
13633,809,M106A,0.1,20.0,7.5,P15917,1J7N,ProTherm
13646,809,H124N,-0.86,20.0,7.5,P15917,1J7N,ProTherm
13647,809,H124N,-0.6,20.0,7.5,P15917,1J7N,ProTherm
13648,809,H124N,0.0,20.0,7.5,P15917,1J7N,ProTherm
13649,809,A145G,-0.5,20.0,7.5,P15917,1J7N,ProTherm
13650,809,A145G,-0.5,20.0,7.5,P15917,1J7N,ProTherm
13651,809,A145G,0.14,20.0,7.5,P15917,1J7N,ProTherm
13652,809,A145G,-0.89,20.0,7.5,P15917,1J7N,ProTherm
13653,809,A145G,-0.14,20.0,7.5,P15917,1J7N,ProTherm
13658,809,V152A,-0.5,20.0,7.5,P15917,1J7N,ProTherm
13659,809,V152A,-0.5,20.0,7.5,P15917,1J7N,ProTherm
13660,809,V152A,0.14,20.0,7.5,P15917,1J7N,ProTherm
13661,809,E159G,-0.5,20.0,7.5,P15917,1J7N,ProTherm
13662,809,E159G,-0.5,20.0,7.5,P15917,1J7N,ProTherm
13663,809,E159G,0.14,20.0,7.5,P15917,1J7N,ProTherm
13670,809,L162A,-0.5,20.0,7.5,P15917,1J7N,ProTherm
13671,809,L162A,-0.5,20.0,7.5,P15917,1J7N,ProTherm
13672,809,L162A,0.14,20.0,7.5,P15917,1J7N,ProTherm
13673,809,L178A,-0.5,20.0,7.5,P15917,1J7N,ProTherm
13674,809,L178A,-0.5,20.0,7.5,P15917,1J7N,ProTherm
13675,809,L178A,0.14,20.0,7.5,P15917,1J7N,ProTherm
13682,809,V180A,-0.5,20.0,7.5,P15917,1J7N,ProTherm
13683,809,V180A,-0.5,20.0,7.5,P15917,1J7N,ProTherm
13684,809,V180A,0.14,20.0,7.5,P15917,1J7N,ProTherm
13685,809,Y181A,-0.5,20.0,7.5,P15917,1J7N,ProTherm
13686,809,Y181A,-0.5,20.0,7.5,P15917,1J7N,ProTherm
13687,809,Y181A,0.14,20.0,7.5,P15917,1J7N,ProTherm
13688,809,I187A,-0.5,20.0,7.5,P15917,1J7N,ProTherm
13689,809,I187A,-0.5,20.0,7.5,P15917,1J7N,ProTherm
13690,809,I187A,0.14,20.0,7.5,P15917,1J7N,ProTherm
13700,809,L207A,-0.5,20.0,7.5,P15917,1J7N,ProTherm
13701,809,L207A,-0.5,20.0,7.5,P15917,1J7N,ProTherm
13702,809,L207A,0.14,20.0,7.5,P15917,1J7N,ProTherm
13691,809,L221A,-0.5,20.0,7.5,P15917,1J7N,ProTherm
13692,809,L221A,-0.5,20.0,7.5,P15917,1J7N,ProTherm
13693,809,L221A,0.14,20.0,7.5,P15917,1J7N,ProTherm
13703,809,V246A,-0.5,20.0,7.5,P15917,1J7N,ProTherm
13704,809,V246A,-0.5,20.0,7.5,P15917,1J7N,ProTherm
13705,809,V246A,0.14,20.0,7.5,P15917,1J7N,ProTherm
13712,809,F250A,-0.5,20.0,7.5,P15917,1J7N,ProTherm
13713,809,F250A,-0.5,20.0,7.5,P15917,1J7N,ProTherm
13714,809,F250A,0.14,20.0,7.5,P15917,1J7N,ProTherm
13715,809,A253G,-0.5,20.0,7.5,P15917,1J7N,ProTherm
13716,809,A253G,-0.5,20.0,7.5,P15917,1J7N,ProTherm
13717,809,A253G,0.14,20.0,7.5,P15917,1J7N,ProTherm
13724,809,F254A,-0.5,20.0,7.5,P15917,1J7N,ProTherm
13725,809,F254A,-0.5,20.0,7.5,P15917,1J7N,ProTherm
13726,809,F254A,0.14,20.0,7.5,P15917,1J7N,ProTherm
13727,809,D278G,-0.5,20.0,7.5,P15917,1J7N,ProTherm
13728,809,D278G,-0.5,20.0,7.5,P15917,1J7N,ProTherm
13729,809,D278G,0.14,20.0,7.5,P15917,1J7N,ProTherm
13733,809,F280A,-0.5,20.0,7.5,P15917,1J7N,ProTherm
13734,809,F280A,-0.5,20.0,7.5,P15917,1J7N,ProTherm
13735,809,F280A,0.14,20.0,7.5,P15917,1J7N,ProTherm
13738,1465,H1069Q,0.96,20.0,7.0,P35670,2ARF,ProTherm
13914,79,I6V,0.56,10.0,7.5,P61024,1DKT,ProTherm
13915,79,Y8A,0.34,10.0,7.5,P61024,1DKT,ProTherm
13916,79,S9A,0.34,10.0,7.5,P61024,1DKT,ProTherm
13917,79,K11A,-0.51,10.0,7.5,P61024,1DKT,ProTherm
13918,79,F17L,2.79,10.0,7.5,P61024,1DKT,ProTherm
13919,79,E18A,1.25,10.0,7.5,P61024,1DKT,ProTherm
13920,79,V22A,1.53,10.0,7.5,P61024,1DKT,ProTherm
13921,79,V32A,1.13,10.0,7.5,P61024,1DKT,ProTherm
13922,79,S39A,0.83,10.0,7.5,P61024,1DKT,ProTherm
13923,79,L46A,2.07,10.0,7.5,P61024,1DKT,ProTherm
13924,79,V55A,1.06,10.0,7.5,P61024,1DKT,ProTherm
13925,79,V55G,2.1,10.0,7.5,P61024,1DKT,ProTherm
13926,79,M58L,0.52,10.0,7.5,P61024,1DKT,ProTherm
13927,79,P62A,-1.4,10.0,7.5,P61024,1DKT,ProTherm
13928,79,P64A,0.42,10.0,7.5,P61024,1DKT,ProTherm
13929,79,H65A,0.6,10.0,7.5,P61024,1DKT,ProTherm
13930,79,L67A,2.03,10.0,7.5,P61024,1DKT,ProTherm
13931,79,R70A,2.8,10.0,7.5,P61024,1DKT,ProTherm
13932,79,R71A,0.68,10.0,7.5,P61024,1DKT,ProTherm
13939,86,V19L,1.82,10.0,6.0,P13479,1IMQ,ProTherm
13943,86,A25G,0.14,10.0,6.0,P13479,1IMQ,ProTherm
13944,86,T27G,1.43,10.0,6.0,P13479,1IMQ,ProTherm
13945,86,E31L,0.67,10.0,6.0,P13479,1IMQ,ProTherm
13946,86,V34L,-0.33,10.0,6.0,P13479,1IMQ,ProTherm
13940,86,V37L,0.26,10.0,6.0,P13479,1IMQ,ProTherm
13942,86,E41V,-0.88,10.0,6.0,P13479,1IMQ,ProTherm
13947,86,V68I,0.81,10.0,6.0,P13479,1IMQ,ProTherm
13941,86,V71I,-0.07,10.0,6.0,P13479,1IMQ,ProTherm
13952,957,W390F,0.2,10.0,5.7,O75400,1UZC,ProTherm
13953,957,T392S,-0.1,10.0,5.7,O75400,1UZC,ProTherm
13954,957,T392A,1.0,10.0,5.7,O75400,1UZC,ProTherm
13955,957,E394A,0.3,10.0,5.7,O75400,1UZC,ProTherm
13956,957,E394G,1.0,10.0,5.7,O75400,1UZC,ProTherm
13957,957,A396G,0.6,10.0,5.7,O75400,1UZC,ProTherm
13958,957,Q398A,0.2,10.0,5.7,O75400,1UZC,ProTherm
13959,957,Q398G,1.3,10.0,5.7,O75400,1UZC,ProTherm
13960,957,A399G,2.4,10.0,5.7,O75400,1UZC,ProTherm
13961,957,L403A,1.0,10.0,5.7,O75400,1UZC,ProTherm
13962,957,K405A,-0.1,10.0,5.7,O75400,1UZC,ProTherm
13963,957,K405G,0.8,10.0,5.7,O75400,1UZC,ProTherm
13964,957,E406A,0.6,10.0,5.7,O75400,1UZC,ProTherm
13965,957,E406G,1.6,10.0,5.7,O75400,1UZC,ProTherm
13966,957,V409A,3.3,10.0,5.7,O75400,1UZC,ProTherm
13967,957,P410G,1.1,10.0,5.7,O75400,1UZC,ProTherm
13968,957,S411A,0.0,10.0,5.7,O75400,1UZC,ProTherm
13969,957,N412G,0.4,10.0,5.7,O75400,1UZC,ProTherm
13970,957,S414A,1.0,10.0,5.7,O75400,1UZC,ProTherm
13971,957,W415F,-0.6,10.0,5.7,O75400,1UZC,ProTherm
13972,957,Q417A,0.3,10.0,5.7,O75400,1UZC,ProTherm
13973,957,Q417G,1.6,10.0,5.7,O75400,1UZC,ProTherm
13974,957,A418G,1.9,10.0,5.7,O75400,1UZC,ProTherm
13975,957,M421A,1.6,10.0,5.7,O75400,1UZC,ProTherm
13976,957,I422V,1.3,10.0,5.7,O75400,1UZC,ProTherm
13977,957,I423V,0.3,10.0,5.7,O75400,1UZC,ProTherm
13978,957,I423A,0.2,10.0,5.7,O75400,1UZC,ProTherm
13979,957,I423G,0.3,10.0,5.7,O75400,1UZC,ProTherm
13980,957,D425N,2.3,10.0,5.7,O75400,1UZC,ProTherm
13981,957,P426G,0.9,10.0,5.7,O75400,1UZC,ProTherm
13982,957,Y428F,0.3,10.0,5.7,O75400,1UZC,ProTherm
13983,957,Y428A,2.6,10.0,5.7,O75400,1UZC,ProTherm
13984,957,S429A,0.2,10.0,5.7,O75400,1UZC,ProTherm
13985,957,S429G,0.1,10.0,5.7,O75400,1UZC,ProTherm
13986,957,A430G,1.1,10.0,5.7,O75400,1UZC,ProTherm
13987,957,L431A,2.9,10.0,5.7,O75400,1UZC,ProTherm
13988,957,A432G,0.3,10.0,5.7,O75400,1UZC,ProTherm
13989,957,S435A,0.5,10.0,5.7,O75400,1UZC,ProTherm
13990,957,S435G,0.5,10.0,5.7,O75400,1UZC,ProTherm
13991,957,K437A,2.1,10.0,5.7,O75400,1UZC,ProTherm
13992,957,Q439A,-0.2,10.0,5.7,O75400,1UZC,ProTherm
13993,957,Q439G,0.8,10.0,5.7,O75400,1UZC,ProTherm
13994,957,A440G,2.2,10.0,5.7,O75400,1UZC,ProTherm
13995,957,A443G,0.9,10.0,5.7,O75400,1UZC,ProTherm
13996,957,Y444F,0.8,10.0,5.7,O75400,1UZC,ProTherm
13997,957,V446A,-0.6,10.0,5.7,O75400,1UZC,ProTherm
13998,957,V446G,0.1,10.0,5.7,O75400,1UZC,ProTherm
14141,1863,M1652I,1.11,10.0,8.5,P38398,1JNX,ProTherm
14134,1863,M1663L,-0.51,10.0,8.5,P38398,1JNX,ProTherm
14135,1863,M1663K,-0.03,10.0,8.5,P38398,1JNX,ProTherm
14142,1863,L1664P,1.18,10.0,8.5,P38398,1JNX,ProTherm
14143,1863,V1665M,2.22,10.0,8.5,P38398,1JNX,ProTherm
14136,1863,A1669S,-0.16,10.0,8.5,P38398,1JNX,ProTherm
14144,1863,D1692N,1.15,10.0,8.5,P38398,1JNX,ProTherm
14137,1863,R1699L,-0.99,10.0,8.5,P38398,1JNX,ProTherm
14138,1863,R1699Q,-1.83,10.0,8.5,P38398,1JNX,ProTherm
14150,1863,R1699W,2.3,10.0,8.5,P38398,1JNX,ProTherm
14145,1863,G1706A,1.12,10.0,8.5,P38398,1JNX,ProTherm
14151,1863,V1736A,4.2,10.0,8.5,P38398,1JNX,ProTherm
14146,1863,R1751Q,1.57,10.0,8.5,P38398,1JNX,ProTherm
14147,1863,T1773S,0.48,10.0,8.5,P38398,1JNX,ProTherm
14148,1863,D1778N,0.76,10.0,8.5,P38398,1JNX,ProTherm
14152,1863,M1783T,3.73,10.0,8.5,P38398,1JNX,ProTherm
14139,1863,C1787S,-0.37,10.0,8.5,P38398,1JNX,ProTherm
14149,1863,G1788V,1.84,10.0,8.5,P38398,1JNX,ProTherm
14153,1863,G1788D,3.97,10.0,8.5,P38398,1JNX,ProTherm
14140,1863,P1806A,0.06,10.0,8.5,P38398,1JNX,ProTherm
14154,1863,V1808A,2.4,10.0,8.5,P38398,1JNX,ProTherm
14155,1863,A1843P,4.89,10.0,8.5,P38398,1JNX,ProTherm
14190,87,F6A,2.52,5.0,5.3,P07107,2ABD,ProTherm
14218,87,F6A,2.63,5.0,5.3,P07107,2ABD,ProTherm
14191,87,A10G,1.81,5.0,5.3,P07107,2ABD,ProTherm
14219,87,A10G,2.0,5.0,5.3,P07107,2ABD,ProTherm
14192,87,V13A,1.69,5.0,5.3,P07107,2ABD,ProTherm
14220,87,V13A,1.5,5.0,5.3,P07107,2ABD,ProTherm
14193,87,L16A,3.1,5.0,5.3,P07107,2ABD,ProTherm
14221,87,L16A,3.57,5.0,5.3,P07107,2ABD,ProTherm
14194,87,P20A,1.07,5.0,5.3,P07107,2ABD,ProTherm
14222,87,P20A,0.91,5.0,5.3,P07107,2ABD,ProTherm
14195,87,D22A,-0.42,5.0,5.3,P07107,2ABD,ProTherm
14223,87,D22A,0.4,5.0,5.3,P07107,2ABD,ProTherm
14196,87,D22H,0.56,5.0,5.3,P07107,2ABD,ProTherm
14197,87,L26A,1.02,5.0,5.3,P07107,2ABD,ProTherm
14224,87,L26A,2.02,5.0,5.3,P07107,2ABD,ProTherm
14225,87,F27A,1.53,5.0,5.3,P07107,2ABD,ProTherm
14198,87,Y29A,2.47,5.0,5.3,P07107,2ABD,ProTherm
14226,87,Y29A,2.52,5.0,5.3,P07107,2ABD,ProTherm
14199,87,Y29F,1.06,5.0,5.3,P07107,2ABD,ProTherm
14228,87,Y29F,1.26,5.0,5.3,P07107,2ABD,ProTherm
14200,87,Y29N,2.23,5.0,5.3,P07107,2ABD,ProTherm
14227,87,Y29N,2.47,5.0,5.3,P07107,2ABD,ProTherm
14201,87,Y32N,1.52,5.0,5.3,P07107,2ABD,ProTherm
14229,87,Y32N,0.97,5.0,5.3,P07107,2ABD,ProTherm
14202,87,K33A,1.02,5.0,5.3,P07107,2ABD,ProTherm
14230,87,K33A,1.61,5.0,5.3,P07107,2ABD,ProTherm
14203,87,K33R,1.83,5.0,5.3,P07107,2ABD,ProTherm
14232,87,K33R,2.22,5.0,5.3,P07107,2ABD,ProTherm
14204,87,K33E,1.68,5.0,5.3,P07107,2ABD,ProTherm
14231,87,K33E,1.47,5.0,5.3,P07107,2ABD,ProTherm
14205,87,Q34A,3.66,5.0,5.3,P07107,2ABD,ProTherm
14233,87,Q34A,3.03,5.0,5.3,P07107,2ABD,ProTherm
14206,87,A35G,1.57,5.0,5.3,P07107,2ABD,ProTherm
14234,87,A35G,1.08,5.0,5.3,P07107,2ABD,ProTherm
14207,87,T36A,1.09,5.0,5.3,P07107,2ABD,ProTherm
14235,87,T36A,1.28,5.0,5.3,P07107,2ABD,ProTherm
14236,87,I40A,1.06,5.0,5.3,P07107,2ABD,ProTherm
14208,87,P45A,1.4,5.0,5.3,P07107,2ABD,ProTherm
14237,87,P45A,1.23,5.0,5.3,P07107,2ABD,ProTherm
14209,87,K53M,-0.18,5.0,5.3,P07107,2ABD,ProTherm
14238,87,K53M,-0.48,5.0,5.3,P07107,2ABD,ProTherm
14210,87,K55A,0.86,5.0,5.3,P07107,2ABD,ProTherm
14239,87,K55A,1.41,5.0,5.3,P07107,2ABD,ProTherm
14211,87,K55M,-0.27,5.0,5.3,P07107,2ABD,ProTherm
14240,87,K55M,0.22,5.0,5.3,P07107,2ABD,ProTherm
14212,87,E68A,0.36,5.0,5.3,P07107,2ABD,ProTherm
14241,87,E68A,0.8,5.0,5.3,P07107,2ABD,ProTherm
14242,87,A70G,1.55,5.0,5.3,P07107,2ABD,ProTherm
14213,87,Y74A,4.83,5.0,5.3,P07107,2ABD,ProTherm
14243,87,Y74A,4.51,5.0,5.3,P07107,2ABD,ProTherm
14214,87,Y74F,-0.27,5.0,5.3,P07107,2ABD,ProTherm
14244,87,Y74F,-0.03,5.0,5.3,P07107,2ABD,ProTherm
14245,87,I75A,1.34,5.0,5.3,P07107,2ABD,ProTherm
14215,87,V78A,1.14,5.0,5.3,P07107,2ABD,ProTherm
14246,87,V78A,1.54,5.0,5.3,P07107,2ABD,ProTherm
14216,87,L81A,3.7,5.0,5.3,P07107,2ABD,ProTherm
14247,87,L81A,4.57,5.0,5.3,P07107,2ABD,ProTherm
